"","Date","Recorder","Block","Plot","Quadrant","Species","Cover","Site","Notes","survey"
"1","14/06/2023","Rona Learmonth","NW",333,1,"Lolium_multiflorum",15,"Boothby",0,"A"
"2","14/06/2023","Rona Learmonth","NW",333,1,"Vicia_faba",20,"Boothby",0,"A"
"3","14/06/2023","Rona Learmonth","NW",333,1,"Anthriscus_sylvestris",2,"Boothby",0,"A"
"5","14/06/2023","Megan Sherlock","NW",333,2,"Vicia_faba",25,"Boothby",0,"A"
"6","14/06/2023","Megan Sherlock","NW",333,2,"Lolium_multiflorum",15,"Boothby",0,"A"
"7","14/06/2023","Megan Sherlock","NW",333,2,"Phleum_pratense",5,"Boothby",0,"A"
"8","14/06/2023","Megan Sherlock","NW",333,2,"Veronica_filiformis",1,"Boothby",0,"A"
"10","14/06/2023","Rona Learmonth","NW",333,3,"Vicia_faba",5,"Boothby",0,"A"
"11","14/06/2023","Rona Learmonth","NW",333,3,"Lolium_multiflorum",20,"Boothby",0,"A"
"12","14/06/2023","Rona Learmonth","NW",333,3,"Phleum_pratense",3,"Boothby",0,"A"
"14","14/06/2023","Megan Sherlock","NW",333,4,"Vicia_faba",60,"Boothby",0,"A"
"15","14/06/2023","Megan Sherlock","NW",333,4,"Lolium_multiflorum",15,"Boothby",0,"A"
"16","14/06/2023","Megan Sherlock","NW",333,4,"Phleum_pratense",5,"Boothby",0,"A"
"18","14/06/2023","Megan Sherlock","NW",311,1,"Triticum_aestivum",50,"Boothby",0,"A"
"19","14/06/2023","Megan Sherlock","NW",311,1,"Bromus_ramosus",10,"Boothby",0,"A"
"20","14/06/2023","Megan Sherlock","NW",311,1,"Bromus_sterilis",7,"Boothby",0,"A"
"21","14/06/2023","Megan Sherlock","NW",311,1,"Poa_pratensis",2,"Boothby",0,"A"
"23","14/06/2023","Rona Learmonth","NW",311,2,"Bromus_sterilis",6,"Boothby",0,"A"
"24","14/06/2023","Rona Learmonth","NW",311,2,"Bromus_ramosus",2,"Boothby",0,"A"
"25","14/06/2023","Rona Learmonth","NW",311,2,"Triticum_aestivum",40,"Boothby",0,"A"
"27","14/06/2023","Megan Sherlock","NW",311,3,"Triticum_aestivum",55,"Boothby",0,"A"
"28","14/06/2023","Megan Sherlock","NW",311,3,"Bromus_ramosus",10,"Boothby",0,"A"
"29","14/06/2023","Megan Sherlock","NW",311,3,"Bromus_sterilis",4,"Boothby",0,"A"
"31","14/06/2023","Rona Learmonth","NW",311,4,"Triticum_aestivum",60,"Boothby",0,"A"
"32","14/06/2023","Rona Learmonth","NW",311,4,"Bromus_ramosus",3,"Boothby",0,"A"
"34","14/06/2023","Rona Learmonth","NW",311,4,"Bromus_sterilis",10,"Boothby",0,"A"
"35","14/06/2023","Rona Learmonth","NW",133,1,"Salix_aurita",40,"Boothby",0,"A"
"36","14/06/2023","Rona Learmonth","NW",133,1,"Cynosurus_cristatus",15,"Boothby",0,"A"
"37","14/06/2023","Rona Learmonth","NW",133,1,"Pulicaria_dysenterica",4,"Boothby",0,"A"
"38","14/06/2023","Rona Learmonth","NW",133,1,"Leucanthemum_vulgare",3,"Boothby",0,"A"
"39","14/06/2023","Rona Learmonth","NW",133,1,"Vicia_tetrasperma",25,"Boothby",0,"A"
"40","14/06/2023","Rona Learmonth","NW",133,1,"Lotus_corniculatus",3,"Boothby",0,"A"
"41","14/06/2023","Rona Learmonth","NW",133,1,"Torilis_japonica",10,"Boothby",0,"A"
"42","14/06/2023","Megan Sherlock","NW",133,2,"Torilis_japonica",15,"Boothby",0,"A"
"43","14/06/2023","Megan Sherlock","NW",133,2,"Salix_aurita",27,"Boothby",0,"A"
"44","14/06/2023","Megan Sherlock","NW",133,2,"Rubus_fruticosus",5,"Boothby",0,"A"
"45","14/06/2023","Megan Sherlock","NW",133,2,"Cynosurus_cristatus",10,"Boothby",0,"A"
"46","14/06/2023","Megan Sherlock","NW",133,2,"Vicia_tetrasperma",25,"Boothby",0,"A"
"47","14/06/2023","Megan Sherlock","NW",133,2,"Holcus_lanatus",1,"Boothby",0,"A"
"48","14/06/2023","Megan Sherlock","NW",133,2,"Lotus_corniculatus",5,"Boothby",0,"A"
"49","14/06/2023","Megan Sherlock","NW",133,2,"Leucanthemum_vulgare",3,"Boothby",0,"A"
"51","14/06/2023","Rona Learmonth","NW",133,3,"Vicia_tetrasperma",28,"Boothby",0,"A"
"52","14/06/2023","Rona Learmonth","NW",133,3,"Cynosurus_cristatus",5,"Boothby",0,"A"
"53","14/06/2023","Rona Learmonth","NW",133,3,"Salix_aurita",25,"Boothby",0,"A"
"54","14/06/2023","Rona Learmonth","NW",133,3,"Torilis_japonica",5,"Boothby",0,"A"
"55","14/06/2023","Rona Learmonth","NW",133,3,"Poa_pratensis",8,"Boothby",0,"A"
"56","14/06/2023","Rona Learmonth","NW",133,3,"Elymus_repens",5,"Boothby",0,"A"
"58","14/06/2023","Rona Learmonth","NW",133,3,"Geranium_dissectum",6,"Boothby",0,"A"
"59","14/06/2023","Rona Learmonth","NW",133,3,"Phleum_pratense",3,"Boothby",0,"A"
"60","14/06/2023","Rona Learmonth","NW",133,3,"Holcus_lanatus",5,"Boothby",0,"A"
"61","14/06/2023","Megan Sherlock","NW",133,4,"Vicia_tetrasperma",20,"Boothby",0,"A"
"62","14/06/2023","Megan Sherlock","NW",133,4,"Salix_aurita",10,"Boothby",0,"A"
"63","14/06/2023","Megan Sherlock","NW",133,4,"Torilis_japonica",20,"Boothby",0,"A"
"64","14/06/2023","Megan Sherlock","NW",133,4,"Leucanthemum_vulgare",4,"Boothby",0,"A"
"65","14/06/2023","Megan Sherlock","NW",133,4,"Taraxacum_officinale",10,"Boothby",0,"A"
"66","14/06/2023","Megan Sherlock","NW",133,4,"Bromus_sterilis",15,"Boothby",0,"A"
"67","14/06/2023","Megan Sherlock","NW",133,4,"Holcus_lanatus",4,"Boothby",0,"A"
"68","14/06/2023","Megan Sherlock","NW",133,4,"Cynosurus_cristatus",7,"Boothby",0,"A"
"69","14/06/2023","Megan Sherlock","NW",133,4,"Geranium_dissectum",4,"Boothby",0,"A"
"70","14/06/2023","Megan Sherlock","NW",133,4,"Poa_annua",3,"Boothby",0,"A"
"71","14/06/2023","Megan Sherlock","NW",133,4,"Pulicaria_dysenterica",3,"Boothby",0,"A"
"72","14/06/2023","Megan Sherlock","NW",322,1,"Triticum_aestivum",100,"Boothby",0,"A"
"73","14/06/2023","Rona Learmonth","NW",322,2,"Triticum_aestivum",100,"Boothby",0,"A"
"74","14/06/2023","Megan Sherlock","NW",322,3,"Triticum_aestivum",100,"Boothby",0,"A"
"75","14/06/2023","Rona Learmonth","NW",322,4,"Triticum_aestivum",100,"Boothby",0,"A"
"76","14/06/2023","Rona Learmonth","NW",233,1,"Triticum_aestivum",100,"Boothby",0,"A"
"77","14/06/2023","Megan Sherlock","NW",233,2,"Triticum_aestivum",100,"Boothby",0,"A"
"78","14/06/2023","Rona Learmonth","NW",233,3,"Triticum_aestivum",90,"Boothby",0,"A"
"80","14/06/2023","Megan Sherlock","NW",233,4,"Triticum_aestivum",100,"Boothby",0,"A"
"81","14/06/2023","Megan Sherlock","NW",222,1,"Triticum_aestivum",100,"Boothby",0,"A"
"82","14/06/2023","Rona Learmonth","NW",222,2,"Triticum_aestivum",100,"Boothby",0,"A"
"83","14/06/2023","Megan Sherlock","NW",222,3,"Triticum_aestivum",100,"Boothby",0,"A"
"84","14/06/2023","Rona Learmonth","NW",222,4,"Triticum_aestivum",100,"Boothby",0,"A"
"85","14/06/2023","Rona Learmonth","NW",211,1,"Triticum_aestivum",100,"Boothby",0,"A"
"86","14/06/2023","Megan Sherlock","NW",211,2,"Triticum_aestivum",100,"Boothby",0,"A"
"87","14/06/2023","Rona Learmonth","NW",211,3,"Triticum_aestivum",100,"Boothby",0,"A"
"88","14/06/2023","Megan Sherlock","NW",211,4,"Triticum_aestivum",100,"Boothby",0,"A"
"89","14/06/2023","Megan Sherlock","NW",122,1,"Triticum_aestivum",100,"Boothby",0,"A"
"90","14/06/2023","Rona Learmonth","NW",122,2,"Triticum_aestivum",90,"Boothby",0,"A"
"92","14/06/2023","Megan Sherlock","NW",122,3,"Triticum_aestivum",90,"Boothby",0,"A"
"94","14/06/2023","Rona Learmonth","NW",122,4,"Triticum_aestivum",65,"Boothby",0,"A"
"96","14/06/2023","Rona Learmonth","NW",112,1,"Phleum_pratense",2,"Boothby",0,"A"
"97","14/06/2023","Rona Learmonth","NW",112,1,"Triticum_aestivum",98,"Boothby",0,"A"
"99","14/06/2023","Megan Sherlock","NW",112,2,"Phleum_pratense",15,"Boothby",0,"A"
"100","14/06/2023","Megan Sherlock","NW",112,2,"Triticum_aestivum",80,"Boothby",0,"A"
"101","14/06/2023","Rona Learmonth","NW",112,3,"Phleum_pratense",18,"Boothby",0,"A"
"103","14/06/2023","Rona Learmonth","NW",112,3,"Triticum_aestivum",72,"Boothby",0,"A"
"104","14/06/2023","Megan Sherlock","NW",112,4,"Phleum_pratense",1,"Boothby",0,"A"
"105","14/06/2023","Megan Sherlock","NW",112,4,"Triticum_aestivum",99,"Boothby",0,"A"
"106","14/06/2023","Megan Sherlock","NW",113,1,"Phleum_pratense",15,"Boothby",0,"A"
"107","14/06/2023","Megan Sherlock","NW",113,1,"Triticum_aestivum",85,"Boothby",0,"A"
"108","14/06/2023","Rona Learmonth","NW",113,2,"Phleum_pratense",20,"Boothby",0,"A"
"109","14/06/2023","Rona Learmonth","NW",113,2,"Triticum_aestivum",80,"Boothby",0,"A"
"110","14/06/2023","Megan Sherlock","NW",113,3,"Phleum_pratense",30,"Boothby",0,"A"
"111","14/06/2023","Megan Sherlock","NW",113,3,"Triticum_aestivum",70,"Boothby",0,"A"
"112","14/06/2023","Rona Learmonth","NW",113,4,"Phleum_pratense",5,"Boothby",0,"A"
"113","14/06/2023","Rona Learmonth","NW",113,4,"Triticum_aestivum",95,"Boothby",0,"A"
"114","14/06/2023","Rona Learmonth","NW",111,1,"Festuca_gigantea",70,"Boothby",0,"A"
"115","14/06/2023","Rona Learmonth","NW",111,1,"Poa_trivialis",6,"Boothby",0,"A"
"117","14/06/2023","Rona Learmonth","NW",111,1,"Glechoma_hederacea",4,"Boothby",0,"A"
"119","14/06/2023","Megan Sherlock","NW",111,2,"Festuca_gigantea",85,"Boothby",0,"A"
"121","14/06/2023","Megan Sherlock","NW",111,2,"Poa_trivialis",5,"Boothby",0,"A"
"122","14/06/2023","Rona Learmonth","NW",111,3,"Festuca_gigantea",50,"Boothby",0,"A"
"123","14/06/2023","Rona Learmonth","NW",111,3,"Poa_trivialis",15,"Boothby",0,"A"
"124","14/06/2023","Rona Learmonth","NW",111,3,"Glechoma_hederacea",25,"Boothby",0,"A"
"125","14/06/2023","Rona Learmonth","NW",111,3,"Mercurialis_perennis",10,"Boothby",0,"A"
"126","14/06/2023","Megan Sherlock","NW",111,4,"Festuca_gigantea",70,"Boothby",0,"A"
"127","14/06/2023","Megan Sherlock","NW",111,4,"Glechoma_hederacea",10,"Boothby",0,"A"
"128","14/06/2023","Megan Sherlock","NW",111,4,"Prunus_spinosa",5,"Boothby",0,"A"
"130","15/06/2023","Rona Learmonth","S",111,1,"Vicia_faba",90,"Boothby",0,"A"
"131","15/06/2023","Rona Learmonth","S",111,1,"Phleum_pratense",3,"Boothby",0,"A"
"133","15/06/2023","Megan Sherlock","S",111,2,"Vicia_faba",90,"Boothby",0,"A"
"135","15/06/2023","Rona Learmonth","S",111,3,"Vicia_faba",70,"Boothby",0,"A"
"137","15/06/2023","Megan Sherlock","S",111,4,"Vicia_faba",60,"Boothby",0,"A"
"139","15/06/2023","Rona Learmonth","S",131,1,"Pulicaria_dysenterica",3,"Boothby",0,"A"
"140","15/06/2023","Rona Learmonth","S",131,1,"Taraxacum_officinale",4,"Boothby",0,"A"
"141","15/06/2023","Rona Learmonth","S",131,1,"Geranium_rotundifolium",4,"Boothby",0,"A"
"142","15/06/2023","Rona Learmonth","S",131,1,"Atriplex_patula",2,"Boothby",0,"A"
"143","15/06/2023","Rona Learmonth","S",131,1,"Vicia_faba",70,"Boothby",0,"A"
"145","15/06/2023","Megan Sherlock","S",131,2,"Matricaria_chamomilla",4,"Boothby",0,"A"
"147","15/06/2023","Megan Sherlock","S",131,2,"Vicia_faba",91,"Boothby",0,"A"
"148","15/06/2023","Rona Learmonth","S",131,3,"Vicia_faba",60,"Boothby",0,"A"
"149","15/06/2023","Rona Learmonth","S",131,3,"Pulicaria_dysenterica",3,"Boothby",0,"A"
"150","15/06/2023","Rona Learmonth","S",131,3,"Primula_veris",1,"Boothby",0,"A"
"151","15/06/2023","Rona Learmonth","S",131,3,"Matricaria_chamomilla",1,"Boothby",0,"A"
"153","15/06/2023","Megan Sherlock","S",131,4,"Atriplex_patula",1,"Boothby",0,"A"
"154","15/06/2023","Megan Sherlock","S",131,4,"Matricaria_discoidea",1,"Boothby",0,"A"
"155","15/06/2023","Megan Sherlock","S",131,4,"Vicia_faba",66,"Boothby",0,"A"
"157","15/06/2023","Megan Sherlock","S",131,4,"Matricaria_chamomilla",2,"Boothby",0,"A"
"158","15/06/2023","Rona Learmonth","S",132,1,"Triticum_aestivum",8,"Boothby",0,"A"
"159","15/06/2023","Rona Learmonth","S",132,1,"Lolium_multiflorum",1,"Boothby",0,"A"
"160","15/06/2023","Rona Learmonth","S",132,1,"Matricaria_discoidea",1,"Boothby",0,"A"
"162","15/06/2023","Rona Learmonth","S",132,1,"Epilobium_parviflorum",3,"Boothby",0,"A"
"163","15/06/2023","Megan Sherlock","S",132,2,"Triticum_aestivum",10,"Boothby",0,"A"
"164","15/06/2023","Megan Sherlock","S",132,2,"Matricaria_discoidea",2,"Boothby",0,"A"
"165","15/06/2023","Megan Sherlock","S",132,2,"Epilobium_parviflorum",8,"Boothby",0,"A"
"167","15/06/2023","Rona Learmonth","S",132,3,"Sonchus_arvensis",4,"Boothby",0,"A"
"168","15/06/2023","Rona Learmonth","S",132,3,"Matricaria_discoidea",5,"Boothby",0,"A"
"169","15/06/2023","Rona Learmonth","S",132,3,"Epilobium_parviflorum",4,"Boothby",0,"A"
"170","15/06/2023","Rona Learmonth","S",132,3,"Triticum_aestivum",18,"Boothby",0,"A"
"172","15/06/2023","Megan Sherlock","S",132,4,"Triticum_aestivum",7,"Boothby",0,"A"
"173","15/06/2023","Megan Sherlock","S",132,4,"Epilobium_parviflorum",4,"Boothby",0,"A"
"174","15/06/2023","Megan Sherlock","S",132,4,"Epilobium_angustifolium",2,"Boothby",0,"A"
"175","15/06/2023","Megan Sherlock","S",132,4,"Poa_trivialis",2,"Boothby",0,"A"
"177","15/06/2023","Rona Learmonth","S",133,1,"Heracleum_mantegazzianum",30,"Boothby",0,"A"
"178","15/06/2023","Rona Learmonth","S",133,1,"Urtica_dioica",45,"Boothby",0,"A"
"179","15/06/2023","Rona Learmonth","S",133,1,"Elymus_repens",15,"Boothby",0,"A"
"180","15/06/2023","Rona Learmonth","S",133,1,"Rumex_crispus",10,"Boothby",0,"A"
"181","15/06/2023","Rona Learmonth","S",133,1,"Poa_trivialis",5,"Boothby",0,"A"
"182","15/06/2023","Megan Sherlock","S",133,2,"Anthriscus_sylvestris",70,"Boothby",0,"A"
"183","15/06/2023","Megan Sherlock","S",133,2,"Rumex_crispus",10,"Boothby",0,"A"
"184","15/06/2023","Megan Sherlock","S",133,2,"Elymus_repens",5,"Boothby",0,"A"
"185","15/06/2023","Megan Sherlock","S",133,2,"Heracleum_mantegazzianum",10,"Boothby",0,"A"
"186","15/06/2023","Megan Sherlock","S",133,2,"Arrhenatherum_elatius",10,"Boothby",0,"A"
"187","15/06/2023","Megan Sherlock","S",133,2,"Glechoma_hederacea",2,"Boothby",0,"A"
"188","15/06/2023","Megan Sherlock","S",133,2,"Sonchus_arvensis",5,"Boothby",0,"A"
"189","15/06/2023","Megan Sherlock","S",133,2,"Urtica_dioica",2,"Boothby",0,"A"
"190","15/06/2023","Rona Learmonth","S",133,3,"Heracleum_mantegazzianum",50,"Boothby",0,"A"
"191","15/06/2023","Rona Learmonth","S",133,3,"Sonchus_arvensis",5,"Boothby",0,"A"
"192","15/06/2023","Rona Learmonth","S",133,3,"Anthriscus_sylvestris",10,"Boothby",0,"A"
"193","15/06/2023","Rona Learmonth","S",133,3,"Elymus_repens",15,"Boothby",0,"A"
"194","15/06/2023","Rona Learmonth","S",133,3,"Urtica_dioica",15,"Boothby",0,"A"
"195","15/06/2023","Rona Learmonth","S",133,3,"Deschampsia_cespitosa",5,"Boothby",0,"A"
"196","15/06/2023","Megan Sherlock","S",133,4,"Sonchus_arvensis",11,"Boothby",0,"A"
"197","15/06/2023","Megan Sherlock","S",133,4,"Rumex_crispus",15,"Boothby",0,"A"
"198","15/06/2023","Megan Sherlock","S",133,4,"Heracleum_mantegazzianum",15,"Boothby",0,"A"
"199","15/06/2023","Megan Sherlock","S",133,4,"Elymus_repens",40,"Boothby",0,"A"
"200","15/06/2023","Megan Sherlock","S",133,4,"Deschampsia_cespitosa",2,"Boothby",0,"A"
"201","15/06/2023","Megan Sherlock","S",133,4,"Anthriscus_sylvestris",15,"Boothby",0,"A"
"202","15/06/2023","Rona Learmonth","S",311,1,"Epilobium_ciliatum",2,"Boothby",0,"A"
"203","15/06/2023","Rona Learmonth","S",311,1,"Matricaria_discoidea",4,"Boothby",0,"A"
"206","15/06/2023","Megan Sherlock","S",311,2,"Epilobium_ciliatum",2,"Boothby",0,"A"
"207","15/06/2023","Megan Sherlock","S",311,2,"Hypericum_perforatum",1,"Boothby",0,"A"
"210","15/06/2023","Rona Learmonth","S",311,3,"Hypericum_perforatum",1,"Boothby",0,"A"
"211","15/06/2023","Rona Learmonth","S",311,3,"Matricaria_discoidea",20,"Boothby",0,"A"
"214","15/06/2023","Megan Sherlock","S",311,4,"Matricaria_discoidea",8,"Boothby",0,"A"
"225","15/06/2023","Rona Learmonth","S",321,1,"Bromus_sterilis",70,"Boothby",0,"A"
"226","15/06/2023","Rona Learmonth","S",321,1,"Urtica_dioica",10,"Boothby",0,"A"
"227","15/06/2023","Rona Learmonth","S",321,1,"Galium_aparine",10,"Boothby",0,"A"
"229","15/06/2023","Megan Sherlock","S",321,2,"Bromus_sterilis",45,"Boothby",0,"A"
"230","15/06/2023","Megan Sherlock","S",321,2,"Urtica_dioica",35,"Boothby",0,"A"
"231","15/06/2023","Megan Sherlock","S",321,2,"Galium_aparine",10,"Boothby",0,"A"
"233","15/06/2023","Rona Learmonth","S",321,3,"Bromus_sterilis",9,"Boothby",0,"A"
"234","15/06/2023","Rona Learmonth","S",321,3,"Galium_aparine",10,"Boothby",0,"A"
"235","15/06/2023","Megan Sherlock","S",321,4,"Urtica_dioica",50,"Boothby",0,"A"
"236","15/06/2023","Megan Sherlock","S",321,4,"Bromus_sterilis",50,"Boothby",0,"A"
"237","15/06/2023","Megan Sherlock","S",321,4,"Galium_aparine",2,"Boothby",0,"A"
"238","15/06/2023","Megan Sherlock","S",233,1,"Alopecurus_pratensis",1,"Boothby",0,"A"
"239","15/06/2023","Megan Sherlock","S",233,1,"Bromus_sterilis",50,"Boothby",0,"A"
"240","15/06/2023","Megan Sherlock","S",233,1,"Galium_aparine",1,"Boothby",0,"A"
"241","15/06/2023","Megan Sherlock","S",233,1,"Salix_aurita",8,"Boothby",0,"A"
"242","15/06/2023","Megan Sherlock","S",233,1,"Anthriscus_sylvestris",5,"Boothby",0,"A"
"243","15/06/2023","Megan Sherlock","S",233,1,"Elymus_repens",25,"Boothby",0,"A"
"244","15/06/2023","Megan Sherlock","S",233,1,"Deschampsia_cespitosa",1,"Boothby",0,"A"
"246","15/06/2023","Rona Learmonth","S",233,2,"Salix_aurita",40,"Boothby",0,"A"
"247","15/06/2023","Rona Learmonth","S",233,2,"Cynosurus_cristatus",20,"Boothby",0,"A"
"248","15/06/2023","Rona Learmonth","S",233,2,"Anthriscus_sylvestris",5,"Boothby",0,"A"
"249","15/06/2023","Rona Learmonth","S",233,2,"Hordeum_murinum",2,"Boothby",0,"A"
"250","15/06/2023","Rona Learmonth","S",233,2,"Alopecurus_pratensis",2,"Boothby",0,"A"
"251","15/06/2023","Rona Learmonth","S",233,2,"Deschampsia_cespitosa",5,"Boothby",0,"A"
"252","15/06/2023","Rona Learmonth","S",233,2,"Bromus_sterilis",25,"Boothby",0,"A"
"253","15/06/2023","Megan Sherlock","S",233,3,"Salix_aurita",40,"Boothby",0,"A"
"254","15/06/2023","Megan Sherlock","S",233,3,"Bromus_sterilis",40,"Boothby",0,"A"
"255","15/06/2023","Megan Sherlock","S",233,3,"Alopecurus_pratensis",1,"Boothby",0,"A"
"256","15/06/2023","Megan Sherlock","S",233,3,"Deschampsia_flexuosa",1,"Boothby",0,"A"
"257","15/06/2023","Megan Sherlock","S",233,3,"Deschampsia_cespitosa",1,"Boothby",0,"A"
"258","15/06/2023","Megan Sherlock","S",233,3,"Anthriscus_sylvestris",2,"Boothby",0,"A"
"260","15/06/2023","Megan Sherlock","S",233,3,"Rumex_acetosa",5,"Boothby",0,"A"
"261","15/06/2023","Rona Learmonth","S",233,4,"Rumex_acetosa",13,"Boothby",0,"A"
"262","15/06/2023","Rona Learmonth","S",233,4,"Bromus_sterilis",55,"Boothby",0,"A"
"263","15/06/2023","Rona Learmonth","S",233,4,"Hordeum_murinum",4,"Boothby",0,"A"
"264","15/06/2023","Rona Learmonth","S",233,4,"Anthriscus_sylvestris",8,"Boothby",0,"A"
"265","15/06/2023","Rona Learmonth","S",233,4,"Deschampsia_cespitosa",5,"Boothby",0,"A"
"267","15/06/2023","Rona Learmonth","S",211,1,"Triticum_aestivum",10,"Boothby",0,"A"
"268","15/06/2023","Rona Learmonth","S",211,1,"Bromus_hordeaceus",40,"Boothby",0,"A"
"269","15/06/2023","Rona Learmonth","S",211,1,"Deschampsia_cespitosa",5,"Boothby",0,"A"
"271","15/06/2023","Rona Learmonth","S",211,1,"Taraxacum_officinale",2,"Boothby",0,"A"
"272","15/06/2023","Megan Sherlock","S",211,2,"Triticum_aestivum",20,"Boothby",0,"A"
"273","15/06/2023","Megan Sherlock","S",211,2,"Bromus_hordeaceus",25,"Boothby",0,"A"
"274","15/06/2023","Megan Sherlock","S",211,2,"Arrhenatherum_elatius",20,"Boothby",0,"A"
"275","15/06/2023","Megan Sherlock","S",211,2,"Anthriscus_sylvestris",3,"Boothby",0,"A"
"277","15/06/2023","Megan Sherlock","S",211,2,"Elymus_repens",5,"Boothby",0,"A"
"278","15/06/2023","Rona Learmonth","S",211,3,"Bromus_hordeaceus",25,"Boothby",0,"A"
"279","15/06/2023","Rona Learmonth","S",211,3,"Triticum_aestivum",20,"Boothby",0,"A"
"280","15/06/2023","Rona Learmonth","S",211,3,"Arrhenatherum_elatius",5,"Boothby",0,"A"
"282","15/06/2023","Rona Learmonth","S",211,4,"Triticum_aestivum",10,"Boothby",0,"A"
"283","15/06/2023","Rona Learmonth","S",211,4,"Bromus_hordeaceus",30,"Boothby",0,"A"
"284","15/06/2023","Rona Learmonth","S",211,4,"Arrhenatherum_elatius",35,"Boothby",0,"A"
"286","15/06/2023","Rona Learmonth","S",211,4,"Lotus_corniculatus",1,"Boothby",0,"A"
"287","15/06/2023","Megan Sherlock","S",213,1,"Triticum_aestivum",30,"Boothby",0,"A"
"289","15/06/2023","Rona Learmonth","S",213,2,"Triticum_aestivum",15,"Boothby",0,"A"
"291","15/06/2023","Megan Sherlock","S",213,3,"Triticum_aestivum",25,"Boothby",0,"A"
"293","15/06/2023","Rona Learmonth","S",213,4,"Triticum_aestivum",25,"Boothby",0,"A"
"295","15/06/2023","Rona Learmonth","S",222,1,"Triticum_aestivum",100,"Boothby",0,"A"
"296","15/06/2023","Rona Learmonth","S",222,2,"Triticum_aestivum",100,"Boothby",0,"A"
"297","15/06/2023","Rona Learmonth","S",222,3,"Triticum_aestivum",100,"Boothby",0,"A"
"298","15/06/2023","Rona Learmonth","S",222,4,"Triticum_aestivum",100,"Boothby",0,"A"
"299","15/06/2023","Megan Sherlock","S",122,1,"Vicia_faba",100,"Boothby",0,"A"
"300","15/06/2023","Rona Learmonth","S",122,2,"Vicia_faba",80,"Boothby",0,"A"
"301","15/06/2023","Rona Learmonth","S",122,2,"Brassica_napus",10,"Boothby",0,"A"
"303","15/06/2023","Megan Sherlock","S",122,3,"Vicia_faba",80,"Boothby",0,"A"
"304","15/06/2023","Megan Sherlock","S",122,3,"Brassica_napus",15,"Boothby",0,"A"
"305","15/06/2023","Megan Sherlock","S",122,3,"Matricaria_chamomilla",5,"Boothby",0,"A"
"306","15/06/2023","Rona Learmonth","S",122,4,"Vicia_faba",70,"Boothby",0,"A"
"307","15/06/2023","Rona Learmonth","S",122,4,"Brassica_napus",25,"Boothby",0,"A"
"309","15/06/2023","Rona Learmonth","C",333,1,"Triticum_aestivum",6,"Boothby",0,"A"
"310","15/06/2023","Rona Learmonth","C",333,1,"Lolium_multiflorum",7,"Boothby",0,"A"
"311","15/06/2023","Rona Learmonth","C",333,1,"Pulicaria_dysenterica",1,"Boothby",0,"A"
"313","15/06/2023","Megan Sherlock","C",333,2,"Triticum_aestivum",15,"Boothby",0,"A"
"314","15/06/2023","Megan Sherlock","C",333,2,"Lolium_multiflorum",35,"Boothby",0,"A"
"316","15/06/2023","Rona Learmonth","C",333,3,"Triticum_aestivum",10,"Boothby",0,"A"
"317","15/06/2023","Rona Learmonth","C",333,3,"Helminthotheca_echioides",0.2,"Boothby",0,"A"
"319","15/06/2023","Megan Sherlock","C",333,4,"Triticum_aestivum",15,"Boothby",0,"A"
"320","15/06/2023","Megan Sherlock","C",333,4,"Lolium_multiflorum",10,"Boothby",0,"A"
"322","15/06/2023","Megan Sherlock","C",322,1,"Matricaria_chamomilla",15,"Boothby",0,"A"
"323","15/06/2023","Megan Sherlock","C",322,1,"Vicia_faba",15,"Boothby",0,"A"
"324","15/06/2023","Megan Sherlock","C",322,1,"Capsella_bursa-pastoris",8,"Boothby",0,"A"
"325","15/06/2023","Megan Sherlock","C",322,1,"Taraxacum_officinale",2,"Boothby",0,"A"
"326","15/06/2023","Megan Sherlock","C",322,1,"Epilobium_parviflorum",1,"Boothby",0,"A"
"328","15/06/2023","Rona Learmonth","C",322,2,"Vicia_faba",40,"Boothby",0,"A"
"329","15/06/2023","Rona Learmonth","C",322,2,"Matricaria_chamomilla",16,"Boothby",0,"A"
"330","15/06/2023","Rona Learmonth","C",322,2,"Anthriscus_sylvestris",1,"Boothby",0,"A"
"332","15/06/2023","Megan Sherlock","C",322,3,"Vicia_faba",10,"Boothby",0,"A"
"333","15/06/2023","Megan Sherlock","C",322,3,"Matricaria_chamomilla",75,"Boothby",0,"A"
"334","15/06/2023","Megan Sherlock","C",322,3,"Capsella_bursa-pastoris",5,"Boothby",0,"A"
"336","15/06/2023","Rona Learmonth","C",322,4,"Matricaria_chamomilla",20,"Boothby",0,"A"
"337","15/06/2023","Rona Learmonth","C",322,4,"Capsella_bursa-pastoris",12,"Boothby",0,"A"
"338","15/06/2023","Rona Learmonth","C",322,4,"Epilobium_angustifolium",2,"Boothby",0,"A"
"339","15/06/2023","Rona Learmonth","C",322,4,"Vicia_faba",20,"Boothby",0,"A"
"341","15/06/2023","Rona Learmonth","C",0,1,"Triticum_aestivum",1,"Boothby",0,"A"
"342","15/06/2023","Rona Learmonth","C",0,1,"Hordeum_vulgare",99,"Boothby",0,"A"
"343","15/06/2023","Rona Learmonth","C",0,2,"Hordeum_vulgare",80,"Boothby",0,"A"
"345","15/06/2023","Rona Learmonth","C",0,3,"Hordeum_vulgare",80,"Boothby",0,"A"
"347","15/06/2023","Rona Learmonth","C",0,4,"Hordeum_vulgare",80,"Boothby",0,"A"
"349","15/06/2023","Rona Learmonth","C",112,1,"Vicia_faba",25,"Boothby",0,"A"
"350","15/06/2023","Rona Learmonth","C",112,1,"Matricaria_discoidea",40,"Boothby",0,"A"
"351","15/06/2023","Rona Learmonth","C",112,1,"Centaurea_nigra",6,"Boothby",0,"A"
"353","15/06/2023","Megan Sherlock","C",112,2,"Matricaria_discoidea",40,"Boothby",0,"A"
"355","15/06/2023","Rona Learmonth","C",112,3,"Matricaria_discoidea",25,"Boothby",0,"A"
"356","15/06/2023","Rona Learmonth","C",112,3,"Bromus_hordeaceus",5,"Boothby",0,"A"
"357","15/06/2023","Rona Learmonth","C",112,3,"Epilobium_parviflorum",4,"Boothby",0,"A"
"359","15/06/2023","Megan Sherlock","C",112,4,"Vicia_faba",10,"Boothby",0,"A"
"360","15/06/2023","Megan Sherlock","C",112,4,"Matricaria_discoidea",30,"Boothby",0,"A"
"361","15/06/2023","Megan Sherlock","C",112,4,"Sonchus_arvensis",3,"Boothby",0,"A"
"363","15/06/2023","Megan Sherlock","C",111,1,"Vicia_faba",10,"Boothby",0,"A"
"364","15/06/2023","Megan Sherlock","C",111,1,"Matricaria_discoidea",20,"Boothby",0,"A"
"365","15/06/2023","Megan Sherlock","C",111,1,"Atriplex_patula",4,"Boothby",0,"A"
"367","15/06/2023","Rona Learmonth","C",111,2,"Vicia_faba",15,"Boothby",0,"A"
"368","15/06/2023","Rona Learmonth","C",111,2,"Triticum_aestivum",4,"Boothby",0,"A"
"369","15/06/2023","Rona Learmonth","C",111,2,"Matricaria_discoidea",5,"Boothby",0,"A"
"370","15/06/2023","Rona Learmonth","C",111,2,"Atriplex_patula",7,"Boothby",0,"A"
"372","15/06/2023","Megan Sherlock","C",111,3,"Veronica_chamaedrys",3,"Boothby",0,"A"
"373","15/06/2023","Megan Sherlock","C",111,3,"Matricaria_discoidea",5,"Boothby",0,"A"
"374","15/06/2023","Megan Sherlock","C",111,3,"Vicia_faba",2,"Boothby",0,"A"
"375","15/06/2023","Megan Sherlock","C",111,3,"Epilobium_angustifolium",1,"Boothby",0,"A"
"377","15/06/2023","Rona Learmonth","C",111,4,"Vicia_faba",25,"Boothby",0,"A"
"378","15/06/2023","Rona Learmonth","C",111,4,"Matricaria_discoidea",2,"Boothby",0,"A"
"379","15/06/2023","Rona Learmonth","C",111,4,"Atriplex_patula",8,"Boothby",0,"A"
"381","15/06/2023","Rona Learmonth","C",113,1,"Triticum_aestivum",100,"Boothby",0,"A"
"382","15/06/2023","Rona Learmonth","C",113,2,"Triticum_aestivum",100,"Boothby",0,"A"
"383","15/06/2023","Rona Learmonth","C",113,3,"Triticum_aestivum",100,"Boothby",0,"A"
"384","15/06/2023","Rona Learmonth","C",113,4,"Triticum_aestivum",100,"Boothby",0,"A"
"385","15/06/2023","Megan Sherlock","C",133,1,"Triticum_aestivum",100,"Boothby",0,"A"
"386","15/06/2023","Megan Sherlock","C",133,2,"Triticum_aestivum",100,"Boothby",0,"A"
"387","15/06/2023","Megan Sherlock","C",133,3,"Triticum_aestivum",100,"Boothby",0,"A"
"388","15/06/2023","Megan Sherlock","C",133,4,"Triticum_aestivum",100,"Boothby",0,"A"
"389","15/06/2023","Rona Learmonth","C",213,1,"Hordeum_vulgare",100,"Boothby",0,"A"
"390","15/06/2023","Rona Learmonth","C",213,2,"Hordeum_vulgare",100,"Boothby",0,"A"
"391","15/06/2023","Rona Learmonth","C",213,3,"Hordeum_vulgare",100,"Boothby",0,"A"
"392","15/06/2023","Rona Learmonth","C",213,4,"Hordeum_vulgare",100,"Boothby",0,"A"
"393","16/06/2023","Rona Learmonth","NE",111,1,"Juncus_effusus",35,"Boothby",0,"A"
"394","16/06/2023","Rona Learmonth","NE",111,1,"Holcus_lanatus",50,"Boothby",0,"A"
"395","16/06/2023","Rona Learmonth","NE",111,1,"Lotus_corniculatus",6,"Boothby",0,"A"
"396","16/06/2023","Rona Learmonth","NE",111,1,"Geranium_dissectum",4,"Boothby",0,"A"
"397","16/06/2023","Rona Learmonth","NE",111,1,"Ranunculus_repens",5,"Boothby",0,"A"
"398","16/06/2023","Rona Learmonth","NE",111,1,"Vicia_sativa",2,"Boothby",0,"A"
"399","16/06/2023","Megan Sherlock","NE",111,2,"Juncus_effusus",40,"Boothby",0,"A"
"400","16/06/2023","Megan Sherlock","NE",111,2,"Holcus_lanatus",40,"Boothby",0,"A"
"401","16/06/2023","Megan Sherlock","NE",111,2,"Phragmites_australis",8,"Boothby",0,"A"
"402","16/06/2023","Megan Sherlock","NE",111,2,"Lotus_corniculatus",7,"Boothby",0,"A"
"403","16/06/2023","Megan Sherlock","NE",111,2,"Cirsium_arvense",5,"Boothby",0,"A"
"404","16/06/2023","Rona Learmonth","NE",111,3,"Juncus_effusus",4,"Boothby",0,"A"
"405","16/06/2023","Rona Learmonth","NE",111,3,"Holcus_lanatus",65,"Boothby",0,"A"
"406","16/06/2023","Rona Learmonth","NE",111,3,"Lotus_corniculatus",8,"Boothby",0,"A"
"407","16/06/2023","Rona Learmonth","NE",111,3,"Geranium_dissectum",3,"Boothby",0,"A"
"409","16/06/2023","Megan Sherlock","NE",111,4,"Holcus_lanatus",35,"Boothby",0,"A"
"410","16/06/2023","Megan Sherlock","NE",111,4,"Juncus_effusus",25,"Boothby",0,"A"
"411","16/06/2023","Megan Sherlock","NE",111,4,"Phragmites_australis",4,"Boothby",0,"A"
"412","16/06/2023","Megan Sherlock","NE",111,4,"Poa_pratensis",1,"Boothby",0,"A"
"413","16/06/2023","Megan Sherlock","NE",111,4,"Cirsium_arvense",5,"Boothby",0,"A"
"414","16/06/2023","Megan Sherlock","NE",111,4,"Lotus_corniculatus",10,"Boothby",0,"A"
"415","16/06/2023","Megan Sherlock","NE",111,4,"Geranium_dissectum",5,"Boothby",0,"A"
"417","16/06/2023","Megan Sherlock","NE",112,1,"Leucanthemum_vulgare",60,"Boothby",0,"A"
"418","16/06/2023","Megan Sherlock","NE",112,1,"Dactylis_glomerata",5,"Boothby",0,"A"
"419","16/06/2023","Megan Sherlock","NE",112,1,"Phleum_pratense",2,"Boothby",0,"A"
"420","16/06/2023","Megan Sherlock","NE",112,1,"Geranium_dissectum",10,"Boothby",0,"A"
"421","16/06/2023","Megan Sherlock","NE",112,1,"Poa_trivialis",8,"Boothby",0,"A"
"422","16/06/2023","Megan Sherlock","NE",112,1,"Vicia_sativa",5,"Boothby",0,"A"
"424","16/06/2023","Rona Learmonth","NE",112,2,"Leucanthemum_vulgare",55,"Boothby",0,"A"
"425","16/06/2023","Rona Learmonth","NE",112,2,"Vicia_sativa",15,"Boothby",0,"A"
"426","16/06/2023","Rona Learmonth","NE",112,2,"Geranium_dissectum",10,"Boothby",0,"A"
"427","16/06/2023","Rona Learmonth","NE",112,2,"Holcus_lanatus",4,"Boothby",0,"A"
"428","16/06/2023","Rona Learmonth","NE",112,2,"Deschampsia_cespitosa",2,"Boothby",0,"A"
"429","16/06/2023","Rona Learmonth","NE",112,2,"Bromus_hordeaceus",2,"Boothby",0,"A"
"430","16/06/2023","Rona Learmonth","NE",112,2,"Cirsium_vulgare",5,"Boothby",0,"A"
"432","16/06/2023","Rona Learmonth","NE",112,2,"Crepis_capillaris",2,"Boothby",0,"A"
"433","16/06/2023","Megan Sherlock","NE",112,3,"Leucanthemum_vulgare",40,"Boothby",0,"A"
"434","16/06/2023","Megan Sherlock","NE",112,3,"Phleum_pratense",10,"Boothby",0,"A"
"435","16/06/2023","Megan Sherlock","NE",112,3,"Dactylis_glomerata",8,"Boothby",0,"A"
"436","16/06/2023","Megan Sherlock","NE",112,3,"Holcus_lanatus",7,"Boothby",0,"A"
"437","16/06/2023","Megan Sherlock","NE",112,3,"Geranium_dissectum",10,"Boothby",0,"A"
"438","16/06/2023","Megan Sherlock","NE",112,3,"Vicia_sativa",3,"Boothby",0,"A"
"439","16/06/2023","Megan Sherlock","NE",112,3,"Cynosurus_cristatus",1,"Boothby",0,"A"
"440","16/06/2023","Megan Sherlock","NE",112,3,"Deschampsia_flexuosa",10,"Boothby",0,"A"
"441","16/06/2023","Megan Sherlock","NE",112,3,"Fraxinus_excelsior",3,"Boothby",0,"A"
"443","16/06/2023","Rona Learmonth","NE",112,4,"Leucanthemum_vulgare",8,"Boothby",0,"A"
"444","16/06/2023","Rona Learmonth","NE",112,4,"Dactylis_glomerata",1,"Boothby",0,"A"
"445","16/06/2023","Rona Learmonth","NE",112,4,"Phleum_pratense",8,"Boothby",0,"A"
"446","16/06/2023","Rona Learmonth","NE",112,4,"Lolium_multiflorum",6,"Boothby",0,"A"
"448","16/06/2023","Rona Learmonth","NE",112,4,"Vicia_sativa",10,"Boothby",0,"A"
"449","16/06/2023","Rona Learmonth","NE",112,4,"Geranium_dissectum",6,"Boothby",0,"A"
"450","16/06/2023","Rona Learmonth","NE",112,4,"Cynosurus_cristatus",3,"Boothby",0,"A"
"451","16/06/2023","Rona Learmonth","NE",112,4,"Crepis_capillaris",5,"Boothby",0,"A"
"452","16/06/2023","Rona Learmonth","NE",112,4,"Anthriscus_sylvestris",3,"Boothby",0,"A"
"453","16/06/2023","Rona Learmonth","NE",112,4,"Lotus_corniculatus",3,"Boothby",0,"A"
"454","16/06/2023","Rona Learmonth","NE",112,4,"Poa_pratensis",4,"Boothby",0,"A"
"455","16/06/2023","Rona Learmonth","NE",112,4,"Cirsium_arvense",4,"Boothby",0,"A"
"456","16/06/2023","Rona Learmonth","NE",112,4,"Deschampsia_flexuosa",2,"Boothby",0,"A"
"457","16/06/2023","Rona Learmonth","NE",113,1,"Matricaria_chamomilla",12,"Boothby",0,"A"
"458","16/06/2023","Rona Learmonth","NE",113,1,"Lolium_multiflorum",10,"Boothby",0,"A"
"459","16/06/2023","Rona Learmonth","NE",113,1,"Geranium_dissectum",3,"Boothby",0,"A"
"460","16/06/2023","Rona Learmonth","NE",113,1,"Poa_trivialis",3,"Boothby",0,"A"
"461","16/06/2023","Rona Learmonth","NE",113,1,"Poa_annua",2,"Boothby",0,"A"
"463","16/06/2023","Megan Sherlock","NE",113,2,"Matricaria_chamomilla",30,"Boothby",0,"A"
"464","16/06/2023","Megan Sherlock","NE",113,2,"Cirsium_arvense",4,"Boothby",0,"A"
"465","16/06/2023","Megan Sherlock","NE",113,2,"Lolium_multiflorum",7,"Boothby",0,"A"
"466","16/06/2023","Megan Sherlock","NE",113,2,"Deschampsia_flexuosa",5,"Boothby",0,"A"
"467","16/06/2023","Megan Sherlock","NE",113,2,"Lotus_corniculatus",1,"Boothby",0,"A"
"469","16/06/2023","Rona Learmonth","NE",113,3,"Cirsium_vulgare",15,"Boothby",0,"A"
"470","16/06/2023","Rona Learmonth","NE",113,3,"Matricaria_chamomilla",10,"Boothby",0,"A"
"471","16/06/2023","Rona Learmonth","NE",113,3,"Stellaria_media",4,"Boothby",0,"A"
"472","16/06/2023","Rona Learmonth","NE",113,3,"Bromus_sterilis",6,"Boothby",0,"A"
"473","16/06/2023","Rona Learmonth","NE",113,3,"Poa_annua",1,"Boothby",0,"A"
"474","16/06/2023","Rona Learmonth","NE",113,3,"Deschampsia_flexuosa",1,"Boothby",0,"A"
"476","16/06/2023","Megan Sherlock","NE",113,4,"Matricaria_chamomilla",20,"Boothby",0,"A"
"477","16/06/2023","Megan Sherlock","NE",113,4,"Lolium_multiflorum",17,"Boothby",0,"A"
"478","16/06/2023","Megan Sherlock","NE",113,4,"Geranium_dissectum",3,"Boothby",0,"A"
"479","16/06/2023","Megan Sherlock","NE",113,4,"Lotus_corniculatus",8,"Boothby",0,"A"
"480","16/06/2023","Megan Sherlock","NE",113,4,"Prunus_padus",3,"Boothby",0,"A"
"481","16/06/2023","Megan Sherlock","NE",113,4,"Stellaria_media",2,"Boothby",0,"A"
"482","16/06/2023","Megan Sherlock","NE",113,4,"Holcus_lanatus",16,"Boothby",0,"A"
"483","16/06/2023","Megan Sherlock","NE",113,4,"Hordeum_murinum",1,"Boothby",0,"A"
"484","16/06/2023","Megan Sherlock","NE",113,4,"Deschampsia_flexuosa",9,"Boothby",0,"A"
"485","16/06/2023","Megan Sherlock","NE",113,4,"Epilobium_angustifolium",6,"Boothby",0,"A"
"487","16/06/2023","Megan Sherlock","NE",131,1,"Phleum_pratense",17,"Boothby",0,"A"
"488","16/06/2023","Megan Sherlock","NE",131,1,"Cynosurus_cristatus",7,"Boothby",0,"A"
"489","16/06/2023","Megan Sherlock","NE",131,1,"Bromus_hordeaceus",7,"Boothby",0,"A"
"490","16/06/2023","Megan Sherlock","NE",131,1,"Crepis_vesicaria",2,"Boothby",0,"A"
"491","16/06/2023","Megan Sherlock","NE",131,1,"Alopecurus_pratensis",1,"Boothby",0,"A"
"492","16/06/2023","Megan Sherlock","NE",131,1,"Agrostis_stolonifera",51,"Boothby",0,"A"
"494","16/06/2023","Rona Learmonth","NE",131,2,"Bromus_hordeaceus",5,"Boothby",0,"A"
"495","16/06/2023","Rona Learmonth","NE",131,2,"Phleum_pratense",15,"Boothby",0,"A"
"496","16/06/2023","Rona Learmonth","NE",131,2,"Agrostis_stolonifera",70,"Boothby",0,"A"
"497","16/06/2023","Rona Learmonth","NE",131,2,"Lolium_multiflorum",2,"Boothby",0,"A"
"498","16/06/2023","Rona Learmonth","NE",131,2,"Crepis_vesicaria",4,"Boothby",0,"A"
"500","16/06/2023","Megan Sherlock","NE",131,3,"Phleum_pratense",40,"Boothby",0,"A"
"501","16/06/2023","Megan Sherlock","NE",131,3,"Lolium_multiflorum",10,"Boothby",0,"A"
"502","16/06/2023","Megan Sherlock","NE",131,3,"Festuca_myuros",5,"Boothby",0,"A"
"503","16/06/2023","Megan Sherlock","NE",131,3,"Agrostis_stolonifera",15,"Boothby",0,"A"
"505","16/06/2023","Megan Sherlock","NE",131,3,"Plantago_major",1,"Boothby",0,"A"
"506","16/06/2023","Rona Learmonth","NE",131,4,"Phleum_pratense",15,"Boothby",0,"A"
"507","16/06/2023","Rona Learmonth","NE",131,4,"Lolium_multiflorum",4,"Boothby",0,"A"
"508","16/06/2023","Rona Learmonth","NE",131,4,"Agrostis_stolonifera",25,"Boothby",0,"A"
"510","16/06/2023","Rona Learmonth","NE",131,4,"Plantago_major",1,"Boothby",0,"A"
"511","16/06/2023","Rona Learmonth","NE",133,1,"Phleum_pratense",12,"Boothby",0,"A"
"512","16/06/2023","Rona Learmonth","NE",133,1,"Pulicaria_dysenterica",2,"Boothby",0,"A"
"514","16/06/2023","Megan Sherlock","NE",133,2,"Epilobium_angustifolium",2,"Boothby",0,"A"
"515","16/06/2023","Megan Sherlock","NE",133,2,"Pulicaria_dysenterica",1,"Boothby",0,"A"
"516","16/06/2023","Megan Sherlock","NE",133,2,"Matricaria_chamomilla",2,"Boothby",0,"A"
"517","16/06/2023","Megan Sherlock","NE",133,2,"Phleum_pratense",12,"Boothby",0,"A"
"519","16/06/2023","Rona Learmonth","NE",133,3,"Matricaria_chamomilla",70,"Boothby",0,"A"
"520","16/06/2023","Rona Learmonth","NE",133,3,"Phleum_pratense",6,"Boothby",0,"A"
"522","16/06/2023","Rona Learmonth","NE",133,3,"Polygonum_aviculare",0.5,"Boothby",0,"A"
"523","16/06/2023","Megan Sherlock","NE",133,4,"Matricaria_chamomilla",20,"Boothby",0,"A"
"524","16/06/2023","Megan Sherlock","NE",133,4,"Phleum_pratense",12,"Boothby",0,"A"
"526","16/06/2023","Megan Sherlock","NE",122,1,"Brassica_napus",100,"Boothby",0,"A"
"527","16/06/2023","Megan Sherlock","NE",122,2,"Brassica_napus",100,"Boothby",0,"A"
"528","16/06/2023","Megan Sherlock","NE",122,3,"Brassica_napus",100,"Boothby",0,"A"
"529","16/06/2023","Megan Sherlock","NE",122,4,"Brassica_napus",100,"Boothby",0,"A"
"530","16/06/2023","Rona Learmonth","NE",222,1,"Brassica_napus",100,"Boothby",0,"A"
"531","16/06/2023","Rona Learmonth","NE",222,2,"Brassica_napus",100,"Boothby",0,"A"
"532","16/06/2023","Rona Learmonth","NE",222,3,"Brassica_napus",100,"Boothby",0,"A"
"533","16/06/2023","Rona Learmonth","NE",222,4,"Brassica_napus",100,"Boothby",0,"A"
"534","16/06/2023","Megan Sherlock","NE",233,1,"Brassica_napus",100,"Boothby",0,"A"
"535","16/06/2023","Megan Sherlock","NE",233,2,"Brassica_napus",100,"Boothby",0,"A"
"536","16/06/2023","Megan Sherlock","NE",233,3,"Brassica_napus",100,"Boothby",0,"A"
"537","16/06/2023","Megan Sherlock","NE",233,4,"Brassica_napus",100,"Boothby",0,"A"
"538","16/06/2023","Rona Learmonth","NE",321,1,"Rumex_crispus",8,"Boothby",0,"A"
"539","16/06/2023","Rona Learmonth","NE",321,1,"Mercurialis_perennis",1,"Boothby",0,"A"
"541","16/06/2023","Rona Learmonth","NE",321,2,"Rumex_crispus",5,"Boothby",0,"A"
"542","16/06/2023","Rona Learmonth","NE",321,2,"Fagus_sylvatica",0.5,"Boothby",0,"A"
"544","16/06/2023","Rona Learmonth","NE",321,3,"Fagus_sylvatica",1,"Boothby",0,"A"
"546","16/06/2023","Rona Learmonth","NE",321,4,"Rumex_crispus",6,"Boothby",0,"A"
"547","16/06/2023","Rona Learmonth","NE",321,4,"Fagus_sylvatica",1,"Boothby",0,"A"
"549","16/06/2023","Megan Sherlock","NE",322,1,"Myosotis_secunda",50,"Boothby",0,"A"
"550","16/06/2023","Megan Sherlock","NE",322,1,"Bromus_hordeaceus",20,"Boothby",0,"A"
"551","16/06/2023","Megan Sherlock","NE",322,1,"Phleum_pratense",5,"Boothby",0,"A"
"552","16/06/2023","Megan Sherlock","NE",322,1,"Bromus_sterilis",12,"Boothby",0,"A"
"553","16/06/2023","Megan Sherlock","NE",322,1,"Galium_aparine",3,"Boothby",0,"A"
"555","16/06/2023","Rona Learmonth","NE",322,2,"Myosotis_secunda",70,"Boothby",0,"A"
"556","16/06/2023","Rona Learmonth","NE",322,2,"Bromus_hordeaceus",10,"Boothby",0,"A"
"557","16/06/2023","Rona Learmonth","NE",322,2,"Bromus_sterilis",15,"Boothby",0,"A"
"558","16/06/2023","Rona Learmonth","NE",322,2,"Galium_aparine",5,"Boothby",0,"A"
"559","16/06/2023","Megan Sherlock","NE",322,3,"Myosotis_secunda",50,"Boothby",0,"A"
"560","16/06/2023","Megan Sherlock","NE",322,3,"Festuca_gigantea",10,"Boothby",0,"A"
"561","16/06/2023","Megan Sherlock","NE",322,3,"Bromus_hordeaceus",15,"Boothby",0,"A"
"562","16/06/2023","Megan Sherlock","NE",322,3,"Cirsium_vulgare",10,"Boothby",0,"A"
"563","16/06/2023","Megan Sherlock","NE",322,3,"Hieracium_sp.",4,"Boothby",0,"A"
"564","16/06/2023","Megan Sherlock","NE",322,3,"Bromus_sterilis",11,"Boothby",0,"A"
"565","16/06/2023","Rona Learmonth","NE",322,4,"Myosotis_secunda",55,"Boothby",0,"A"
"566","16/06/2023","Rona Learmonth","NE",322,4,"Bromus_sterilis",25,"Boothby",0,"A"
"567","16/06/2023","Rona Learmonth","NE",322,4,"Galium_aparine",4,"Boothby",0,"A"
"568","16/06/2023","Rona Learmonth","NE",322,4,"Bromus_hordeaceus",10,"Boothby",0,"A"
"569","16/06/2023","Rona Learmonth","NE",322,4,"Hieracium_sp.",4,"Boothby",0,"A"
"570","16/06/2023","Rona Learmonth","NE",322,4,"Festuca_gigantea",2,"Boothby",0,"A"
"571","16/06/2023","Rona Learmonth","NE",332,1,"Deschampsia_flexuosa",10,"Boothby",0,"A"
"572","16/06/2023","Rona Learmonth","NE",332,1,"Phleum_pratense",20,"Boothby",0,"A"
"573","16/06/2023","Rona Learmonth","NE",332,1,"Viola_arvensis",15,"Boothby",0,"A"
"574","16/06/2023","Rona Learmonth","NE",332,1,"Fraxinus_excelsior",5,"Boothby",0,"A"
"576","16/06/2023","Megan Sherlock","NE",332,2,"Fraxinus_excelsior",5,"Boothby",0,"A"
"577","16/06/2023","Megan Sherlock","NE",332,2,"Phleum_pratense",50,"Boothby",0,"A"
"578","16/06/2023","Megan Sherlock","NE",332,2,"Cirsium_vulgare",1,"Boothby",0,"A"
"579","16/06/2023","Megan Sherlock","NE",332,2,"Deschampsia_flexuosa",5,"Boothby",0,"A"
"580","16/06/2023","Megan Sherlock","NE",332,2,"Viola_arvensis",7,"Boothby",0,"A"
"582","16/06/2023","Rona Learmonth","NE",332,3,"Cirsium_vulgare",7,"Boothby",0,"A"
"583","16/06/2023","Rona Learmonth","NE",332,3,"Sonchus_asper",4,"Boothby",0,"A"
"584","16/06/2023","Rona Learmonth","NE",332,3,"Phleum_pratense",30,"Boothby",0,"A"
"585","16/06/2023","Rona Learmonth","NE",332,3,"Fraxinus_excelsior",5,"Boothby",0,"A"
"586","16/06/2023","Rona Learmonth","NE",332,3,"Viola_arvensis",4,"Boothby",0,"A"
"587","16/06/2023","Rona Learmonth","NE",332,3,"Epilobium_angustifolium",1,"Boothby",0,"A"
"588","16/06/2023","Rona Learmonth","NE",332,3,"Galium_aparine",4,"Boothby",0,"A"
"589","16/06/2023","Rona Learmonth","NE",332,3,"Deschampsia_flexuosa",3,"Boothby",0,"A"
"591","16/06/2023","Megan Sherlock","NE",332,4,"Cirsium_vulgare",25,"Boothby",0,"A"
"592","16/06/2023","Megan Sherlock","NE",332,4,"Phleum_pratense",20,"Boothby",0,"A"
"593","16/06/2023","Megan Sherlock","NE",332,4,"Epilobium_parviflorum",2,"Boothby",0,"A"
"594","16/06/2023","Megan Sherlock","NE",332,4,"Fraxinus_excelsior",6,"Boothby",0,"A"
"595","16/06/2023","Megan Sherlock","NE",332,4,"Viola_arvensis",10,"Boothby",0,"A"
"596","16/06/2023","Megan Sherlock","NE",332,4,"Deschampsia_flexuosa",5,"Boothby",0,"A"
"597","16/06/2023","Megan Sherlock","NE",332,4,"Hordeum_murinum",1,"Boothby",0,"A"
"598","16/06/2023","Megan Sherlock","NE",332,4,"Galium_aparine",3,"Boothby",0,"A"
"600","16/06/2023","Megan Sherlock","NE",331,1,"Sonchus_asper",45,"Boothby",0,"A"
"601","16/06/2023","Megan Sherlock","NE",331,1,"Epilobium_angustifolium",20,"Boothby",0,"A"
"602","16/06/2023","Megan Sherlock","NE",331,1,"Matricaria_discoidea",15,"Boothby",0,"A"
"604","16/06/2023","Rona Learmonth","NE",331,2,"Matricaria_discoidea",50,"Boothby",0,"A"
"605","16/06/2023","Rona Learmonth","NE",331,2,"Epilobium_angustifolium",25,"Boothby",0,"A"
"607","16/06/2023","Megan Sherlock","NE",331,3,"Sonchus_asper",90,"Boothby",0,"A"
"608","16/06/2023","Megan Sherlock","NE",331,3,"Matricaria_discoidea",10,"Boothby",0,"A"
"609","16/06/2023","Rona Learmonth","NE",331,4,"Matricaria_discoidea",60,"Boothby",0,"A"
"610","16/06/2023","Rona Learmonth","NE",331,4,"Pulicaria_dysenterica",8,"Boothby",0,"A"
"611","16/06/2023","Rona Learmonth","NE",331,4,"Sonchus_asper",15,"Boothby",0,"A"
"613","16/06/2023","Rona Learmonth","NE",333,1,"Brassica_napus",100,"Boothby",0,"A"
"614","16/06/2023","Rona Learmonth","NE",333,2,"Brassica_napus",100,"Boothby",0,"A"
"615","16/06/2023","Rona Learmonth","NE",333,3,"Brassica_napus",100,"Boothby",0,"A"
"616","16/06/2023","Rona Learmonth","NE",333,4,"Brassica_napus",100,"Boothby",0,"A"
"617","16/06/2023","Rona Learmonth","C",222,1,"Prunus_spinosa",15,"Boothby",0,"A"
"618","16/06/2023","Rona Learmonth","C",222,1,"Glechoma_hederacea",5,"Boothby",0,"A"
"619","16/06/2023","Rona Learmonth","C",222,1,"Galium_aparine",5,"Boothby",0,"A"
"620","16/06/2023","Rona Learmonth","C",222,1,"Rumex_crispus",6,"Boothby",0,"A"
"621","16/06/2023","Rona Learmonth","C",222,1,"Rubus_fruticosus",8,"Boothby",0,"A"
"622","16/06/2023","Rona Learmonth","C",222,1,"Poa_nemoralis",3,"Boothby",0,"A"
"623","16/06/2023","Rona Learmonth","C",222,1,"Dactylis_glomerata",4,"Boothby",0,"A"
"624","16/06/2023","Rona Learmonth","C",222,1,"Hedera_helix",15,"Boothby",0,"A"
"625","16/06/2023","Rona Learmonth","C",222,1,"Brachypodium_sylvaticum",20,"Boothby",0,"A"
"627","16/06/2023","Megan Sherlock","C",222,2,"Rubus_fruticosus",40,"Boothby",0,"A"
"628","16/06/2023","Megan Sherlock","C",222,2,"Fraxinus_excelsior",15,"Boothby",0,"A"
"629","16/06/2023","Megan Sherlock","C",222,2,"Anthriscus_sylvestris",5,"Boothby",0,"A"
"630","16/06/2023","Megan Sherlock","C",222,2,"Brachypodium_sylvaticum",15,"Boothby",0,"A"
"631","16/06/2023","Megan Sherlock","C",222,2,"Dactylis_glomerata",5,"Boothby",0,"A"
"632","16/06/2023","Megan Sherlock","C",222,2,"Rumex_crispus",3,"Boothby",0,"A"
"633","16/06/2023","Megan Sherlock","C",222,2,"Glechoma_hederacea",2,"Boothby",0,"A"
"635","16/06/2023","Rona Learmonth","C",222,3,"Prunus_spinosa",25,"Boothby",0,"A"
"636","16/06/2023","Rona Learmonth","C",222,3,"Taraxacum_officinale",20,"Boothby",0,"A"
"637","16/06/2023","Rona Learmonth","C",222,3,"Rubus_fruticosus",8,"Boothby",0,"A"
"638","16/06/2023","Rona Learmonth","C",222,3,"Mercurialis_perennis",5,"Boothby",0,"A"
"639","16/06/2023","Rona Learmonth","C",222,3,"Fraxinus_excelsior",8,"Boothby",0,"A"
"640","16/06/2023","Rona Learmonth","C",222,3,"Hedera_helix",14,"Boothby",0,"A"
"641","16/06/2023","Rona Learmonth","C",222,3,"Glechoma_hederacea",2,"Boothby",0,"A"
"642","16/06/2023","Rona Learmonth","C",222,3,"Geranium_dissectum",3,"Boothby",0,"A"
"643","16/06/2023","Rona Learmonth","C",222,3,"Dactylis_glomerata",2,"Boothby",0,"A"
"645","16/06/2023","Rona Learmonth","C",222,3,"Veronica_chamaedrys",0,"Boothby",0,"A"
"646","16/06/2023","Megan Sherlock","C",222,4,"Hedera_helix",30,"Boothby",0,"A"
"647","16/06/2023","Megan Sherlock","C",222,4,"Prunus_spinosa",10,"Boothby",0,"A"
"648","16/06/2023","Megan Sherlock","C",222,4,"Brachypodium_sylvaticum",20,"Boothby",0,"A"
"649","16/06/2023","Megan Sherlock","C",222,4,"Rubus_fruticosus",5,"Boothby",0,"A"
"650","16/06/2023","Megan Sherlock","C",222,4,"Anthriscus_sylvestris",5,"Boothby",0,"A"
"651","16/06/2023","Megan Sherlock","C",222,4,"Veronica_chamaedrys",2,"Boothby",0,"A"
"652","16/06/2023","Megan Sherlock","C",222,4,"Glechoma_hederacea",3,"Boothby",0,"A"
"653","16/06/2023","Megan Sherlock","C",222,4,"Mercurialis_perennis",5,"Boothby",0,"A"
"655","16/06/2023","Megan Sherlock","C",221,1,"Galium_aparine",40,"Boothby",0,"A"
"656","16/06/2023","Megan Sherlock","C",221,1,"Rubus_fruticosus",10,"Boothby",0,"A"
"657","16/06/2023","Megan Sherlock","C",221,1,"Brachypodium_sylvaticum",5,"Boothby",0,"A"
"658","16/06/2023","Megan Sherlock","C",221,1,"Quercus_robur",2,"Boothby",0,"A"
"659","16/06/2023","Megan Sherlock","C",221,1,"Agrostis_stolonifera",15,"Boothby",0,"A"
"661","16/06/2023","Rona Learmonth","C",221,2,"Galium_aparine",25,"Boothby",0,"A"
"662","16/06/2023","Rona Learmonth","C",221,2,"Urtica_dioica",4,"Boothby",0,"A"
"663","16/06/2023","Rona Learmonth","C",221,2,"Brachypodium_sylvaticum",6,"Boothby",0,"A"
"664","16/06/2023","Rona Learmonth","C",221,2,"Agrostis_stolonifera",10,"Boothby",0,"A"
"665","16/06/2023","Rona Learmonth","C",221,2,"Geranium_columbinum",4,"Boothby",0,"A"
"666","16/06/2023","Rona Learmonth","C",221,2,"Quercus_robur",2,"Boothby",0,"A"
"667","16/06/2023","Rona Learmonth","C",221,2,"Mercurialis_perennis",5,"Boothby",0,"A"
"669","16/06/2023","Megan Sherlock","C",221,3,"Galium_aparine",30,"Boothby",0,"A"
"670","16/06/2023","Megan Sherlock","C",221,3,"Mercurialis_perennis",20,"Boothby",0,"A"
"671","16/06/2023","Megan Sherlock","C",221,3,"Lonicera_periclymenum",10,"Boothby",0,"A"
"672","16/06/2023","Megan Sherlock","C",221,3,"Urtica_dioica",2,"Boothby",0,"A"
"673","16/06/2023","Rona Learmonth","C",221,4,"Galium_aparine",60,"Boothby",0,"A"
"674","16/06/2023","Rona Learmonth","C",221,4,"Urtica_dioica",15,"Boothby",0,"A"
"675","16/06/2023","Rona Learmonth","C",221,4,"Hedera_helix",5,"Boothby",0,"A"
"676","16/06/2023","Rona Learmonth","C",221,4,"Geranium_columbinum",6,"Boothby",0,"A"
"677","16/06/2023","Rona Learmonth","C",221,4,"Lonicera_periclymenum",10,"Boothby",0,"A"
"678","16/06/2023","Rona Learmonth","C",221,4,"Rubus_fruticosus",3,"Boothby",0,"A"
"679","16/06/2023","Rona Learmonth","C",211,1,"Hordeum_vulgare",100,"Boothby",0,"A"
"680","16/06/2023","Rona Learmonth","C",211,2,"Hordeum_vulgare",100,"Boothby",0,"A"
"681","16/06/2023","Rona Learmonth","C",211,3,"Hordeum_vulgare",100,"Boothby",0,"A"
"682","16/06/2023","Rona Learmonth","C",211,4,"Hordeum_vulgare",100,"Boothby",0,"A"
"683","16/06/2023","Megan Sherlock","C",212,1,"Hordeum_vulgare",100,"Boothby",0,"A"
"684","16/06/2023","Megan Sherlock","C",212,2,"Hordeum_vulgare",100,"Boothby",0,"A"
"685","16/06/2023","Megan Sherlock","C",212,3,"Hordeum_vulgare",100,"Boothby",0,"A"
"686","16/06/2023","Megan Sherlock","C",212,4,"Hordeum_vulgare",100,"Boothby",0,"A"
"687","16/06/2023","Rona Learmonth","C",122,1,"Rubus_fruticosus",20,"Boothby",0,"A"
"688","16/06/2023","Rona Learmonth","C",122,1,"Geranium_robertianium",6,"Boothby",0,"A"
"689","16/06/2023","Rona Learmonth","C",122,1,"Poa_nemoralis",10,"Boothby",0,"A"
"690","16/06/2023","Rona Learmonth","C",122,1,"Brachypodium_sylvaticum",2,"Boothby",0,"A"
"691","16/06/2023","Rona Learmonth","C",122,1,"Elymus_repens",5,"Boothby",0,"A"
"692","16/06/2023","Rona Learmonth","C",122,1,"Agrostis_stolonifera",25,"Boothby",0,"A"
"694","16/06/2023","Rona Learmonth","C",122,1,"Fraxinus_excelsior",3,"Boothby",0,"A"
"695","16/06/2023","Megan Sherlock","C",122,2,"Geranium_robertianium",20,"Boothby",0,"A"
"696","16/06/2023","Megan Sherlock","C",122,2,"Rumex_crispus",15,"Boothby",0,"A"
"697","16/06/2023","Megan Sherlock","C",122,2,"Festuca_myuros",2,"Boothby",0,"A"
"698","16/06/2023","Megan Sherlock","C",122,2,"Rubus_fruticosus",5,"Boothby",0,"A"
"699","16/06/2023","Megan Sherlock","C",122,2,"Agrostis_stolonifera",15,"Boothby",0,"A"
"700","16/06/2023","Megan Sherlock","C",122,2,"Elymus_repens",1,"Boothby",0,"A"
"701","16/06/2023","Megan Sherlock","C",122,2,"Mercurialis_perennis",2,"Boothby",0,"A"
"702","16/06/2023","Megan Sherlock","C",122,2,"Glechoma_hederacea",3,"Boothby",0,"A"
"704","16/06/2023","Rona Learmonth","C",122,3,"Potentilla_sterilis",25,"Boothby",0,"A"
"705","16/06/2023","Rona Learmonth","C",122,3,"Geum_urbanum",4,"Boothby",0,"A"
"706","16/06/2023","Rona Learmonth","C",122,3,"Poa_nemoralis",8,"Boothby",0,"A"
"707","16/06/2023","Rona Learmonth","C",122,3,"Agrostis_stolonifera",15,"Boothby",0,"A"
"708","16/06/2023","Rona Learmonth","C",122,3,"Angelica_sylvestris",10,"Boothby",0,"A"
"710","16/06/2023","Megan Sherlock","C",122,4,"Rumex_crispus",15,"Boothby",0,"A"
"711","16/06/2023","Megan Sherlock","C",122,4,"Angelica_sylvestris",5,"Boothby",0,"A"
"712","16/06/2023","Megan Sherlock","C",122,4,"Mercurialis_perennis",2,"Boothby",0,"A"
"713","16/06/2023","Megan Sherlock","C",122,4,"Rubus_fruticosus",2,"Boothby",0,"A"
"714","16/06/2023","Megan Sherlock","C",122,4,"Potentilla_sterilis",5,"Boothby",0,"A"
"716","16/06/2023","Rona Learmonth","C",123,1,"Rubus_fruticosus",95,"Boothby",0,"A"
"717","16/06/2023","Rona Learmonth","C",123,1,"Brachypodium_sylvaticum",3,"Boothby",0,"A"
"718","16/06/2023","Rona Learmonth","C",123,1,"Juncus_effusus",2,"Boothby",0,"A"
"719","16/06/2023","Megan Sherlock","C",123,2,"Rubus_fruticosus",90,"Boothby",0,"A"
"720","16/06/2023","Megan Sherlock","C",123,2,"Brachypodium_sylvaticum",4,"Boothby",0,"A"
"721","16/06/2023","Megan Sherlock","C",123,2,"Juncus_effusus",6,"Boothby",0,"A"
"722","16/06/2023","Rona Learmonth","C",123,3,"Rubus_fruticosus",60,"Boothby",0,"A"
"723","16/06/2023","Rona Learmonth","C",123,3,"Potentilla_sterilis",15,"Boothby",0,"A"
"724","16/06/2023","Rona Learmonth","C",123,3,"Brachypodium_sylvaticum",5,"Boothby",0,"A"
"725","16/06/2023","Rona Learmonth","C",123,3,"Geranium_robertianium",2,"Boothby",0,"A"
"727","16/06/2023","Megan Sherlock","C",123,4,"Rubus_fruticosus",98,"Boothby",0,"A"
"728","16/06/2023","Megan Sherlock","C",123,4,"Brachypodium_sylvaticum",2,"Boothby",0,"A"
"729","16/06/2023","Megan Sherlock","C",121,1,"Dactylis_glomerata",70,"Boothby",0,"A"
"730","16/06/2023","Megan Sherlock","C",121,1,"Bromus_sterilis",5,"Boothby",0,"A"
"731","16/06/2023","Megan Sherlock","C",121,1,"Rumex_crispus",4,"Boothby",0,"A"
"732","16/06/2023","Megan Sherlock","C",121,1,"Fraxinus_excelsior",8,"Boothby",0,"A"
"733","16/06/2023","Megan Sherlock","C",121,1,"Potentilla_sterilis",2,"Boothby",0,"A"
"734","16/06/2023","Megan Sherlock","C",121,1,"Glechoma_hederacea",2,"Boothby",0,"A"
"735","16/06/2023","Megan Sherlock","C",121,1,"Anthriscus_sylvestris",3,"Boothby",0,"A"
"737","16/06/2023","Rona Learmonth","C",121,2,"Heracleum_sphondylium",15,"Boothby",0,"A"
"738","16/06/2023","Rona Learmonth","C",121,2,"Dactylis_glomerata",40,"Boothby",0,"A"
"739","16/06/2023","Rona Learmonth","C",121,2,"Potentilla_sterilis",3,"Boothby",0,"A"
"740","16/06/2023","Rona Learmonth","C",121,2,"Fraxinus_excelsior",10,"Boothby",0,"A"
"741","16/06/2023","Rona Learmonth","C",121,2,"Anthriscus_sylvestris",6,"Boothby",0,"A"
"742","16/06/2023","Rona Learmonth","C",121,2,"Bromus_sterilis",5,"Boothby",0,"A"
"743","16/06/2023","Rona Learmonth","C",121,2,"Galium_aparine",1,"Boothby",0,"A"
"744","16/06/2023","Rona Learmonth","C",121,2,"Rumex_crispus",1,"Boothby",0,"A"
"746","16/06/2023","Megan Sherlock","C",121,3,"Anthriscus_sylvestris",8,"Boothby",0,"A"
"747","16/06/2023","Megan Sherlock","C",121,3,"Glechoma_hederacea",2,"Boothby",0,"A"
"748","16/06/2023","Megan Sherlock","C",121,3,"Fraxinus_excelsior",15,"Boothby",0,"A"
"749","16/06/2023","Megan Sherlock","C",121,3,"Potentilla_sterilis",3,"Boothby",0,"A"
"750","16/06/2023","Megan Sherlock","C",121,3,"Dactylis_glomerata",25,"Boothby",0,"A"
"751","16/06/2023","Megan Sherlock","C",121,3,"Bromus_sterilis",15,"Boothby",0,"A"
"753","16/06/2023","Rona Learmonth","C",121,4,"Fraxinus_excelsior",30,"Boothby",0,"A"
"754","16/06/2023","Rona Learmonth","C",121,4,"Anthriscus_sylvestris",12,"Boothby",0,"A"
"755","16/06/2023","Rona Learmonth","C",121,4,"Bromus_sterilis",10,"Boothby",0,"A"
"756","16/06/2023","Rona Learmonth","C",121,4,"Dactylis_glomerata",20,"Boothby",0,"A"
"757","16/06/2023","Rona Learmonth","C",121,4,"Glechoma_hederacea",5,"Boothby",0,"A"
"758","16/06/2023","Rona Learmonth","C",121,4,"Geranium_robertianium",6,"Boothby",0,"A"
"760","17/06/2023","Megan Sherlock","NW",312,1,"Vicia_faba",90,"Boothby",0,"A"
"762","17/06/2023","Rona Learmonth","NW",312,2,"Vicia_faba",92,"Boothby",0,"A"
"764","17/06/2023","Megan Sherlock","NW",312,3,"Mercurialis_perennis",3,"Boothby",0,"A"
"765","17/06/2023","Megan Sherlock","NW",312,3,"Vicia_faba",92,"Boothby",0,"A"
"767","17/06/2023","Rona Learmonth","NW",312,4,"Epilobium_ciliatum",1,"Boothby",0,"A"
"768","17/06/2023","Rona Learmonth","NW",312,4,"Vicia_faba",93,"Boothby",0,"A"
"770","17/06/2023","Rona Learmonth","NW",332,1,"Vicia_faba",30,"Boothby",0,"A"
"771","17/06/2023","Rona Learmonth","NW",332,1,"Anthriscus_sylvestris",4,"Boothby",0,"A"
"772","17/06/2023","Rona Learmonth","NW",332,1,"Capsella_bursa-pastoris",2,"Boothby",0,"A"
"773","17/06/2023","Rona Learmonth","NW",332,1,"Matricaria_discoidea",1,"Boothby",0,"A"
"775","17/06/2023","Megan Sherlock","NW",332,2,"Vicia_faba",15,"Boothby",0,"A"
"776","17/06/2023","Megan Sherlock","NW",332,2,"Anthriscus_sylvestris",2,"Boothby",0,"A"
"777","17/06/2023","Megan Sherlock","NW",332,2,"Matricaria_discoidea",1,"Boothby",0,"A"
"779","17/06/2023","Rona Learmonth","NW",332,3,"Vicia_faba",18,"Boothby",0,"A"
"780","17/06/2023","Rona Learmonth","NW",332,3,"Matricaria_discoidea",2,"Boothby",0,"A"
"782","17/06/2023","Megan Sherlock","NW",332,4,"Vicia_faba",55,"Boothby",0,"A"
"783","17/06/2023","Megan Sherlock","NW",332,4,"Triticum_aestivum",1,"Boothby",0,"A"
"784","17/06/2023","Megan Sherlock","NW",332,4,"Stellaria_media",2,"Boothby",0,"A"
"786","17/06/2023","Megan Sherlock","C",313,1,"Vicia_faba",95,"Boothby",0,"A"
"787","17/06/2023","Megan Sherlock","C",313,1,"Matricaria_chamomilla",4,"Boothby",0,"A"
"788","17/06/2023","Megan Sherlock","C",313,1,"Capsella_bursa-pastoris",1,"Boothby",0,"A"
"789","17/06/2023","Rona Learmonth","C",313,2,"Vicia_faba",100,"Boothby",0,"A"
"790","17/06/2023","Megan Sherlock","C",313,3,"Vicia_faba",100,"Boothby",0,"A"
"791","17/06/2023","Rona Learmonth","C",313,4,"Vicia_faba",100,"Boothby",0,"A"
"792","17/06/2023","Rona Learmonth","C",331,1,"Vicia_faba",60,"Boothby",0,"A"
"793","17/06/2023","Rona Learmonth","C",331,1,"Anthriscus_sylvestris",6,"Boothby",0,"A"
"794","17/06/2023","Rona Learmonth","C",331,1,"Matricaria_chamomilla",2,"Boothby",0,"A"
"795","17/06/2023","Rona Learmonth","C",331,1,"Capsella_bursa-pastoris",1,"Boothby",0,"A"
"796","17/06/2023","Rona Learmonth","C",331,1,"Matricaria_discoidea",3,"Boothby",0,"A"
"798","17/06/2023","Megan Sherlock","C",331,2,"Vicia_faba",70,"Boothby",0,"A"
"799","17/06/2023","Megan Sherlock","C",331,2,"Matricaria_chamomilla",2,"Boothby",0,"A"
"800","17/06/2023","Megan Sherlock","C",331,2,"Anthriscus_sylvestris",4,"Boothby",0,"A"
"801","17/06/2023","Megan Sherlock","C",331,2,"Capsella_bursa-pastoris",3,"Boothby",0,"A"
"803","17/06/2023","Rona Learmonth","C",331,3,"Vicia_faba",40,"Boothby",0,"A"
"804","17/06/2023","Rona Learmonth","C",331,3,"Capsella_bursa-pastoris",0.2,"Boothby",0,"A"
"805","17/06/2023","Rona Learmonth","C",331,3,"Anthriscus_sylvestris",7,"Boothby",0,"A"
"807","17/06/2023","Megan Sherlock","C",331,4,"Vicia_faba",75,"Boothby",0,"A"
"808","17/06/2023","Megan Sherlock","C",331,4,"Capsella_bursa-pastoris",10,"Boothby",0,"A"
"809","17/06/2023","Megan Sherlock","C",331,4,"Anthriscus_sylvestris",2,"Boothby",0,"A"
"811","17/06/2023","Megan Sherlock","C",332,1,"Triticum_aestivum",25,"Boothby",0,"A"
"812","17/06/2023","Megan Sherlock","C",332,1,"Epilobium_angustifolium",4,"Boothby",0,"A"
"813","17/06/2023","Megan Sherlock","C",332,1,"Epilobium_parviflorum",1,"Boothby",0,"A"
"814","17/06/2023","Megan Sherlock","C",332,1,"Matricaria_chamomilla",1,"Boothby",0,"A"
"816","17/06/2023","Rona Learmonth","C",332,2,"Triticum_aestivum",25,"Boothby",0,"A"
"817","17/06/2023","Rona Learmonth","C",332,2,"Epilobium_angustifolium",6,"Boothby",0,"A"
"819","17/06/2023","Rona Learmonth","C",332,2,"Matricaria_discoidea",0.5,"Boothby",0,"A"
"820","17/06/2023","Megan Sherlock","C",332,3,"Triticum_aestivum",15,"Boothby",0,"A"
"821","17/06/2023","Megan Sherlock","C",332,3,"Epilobium_angustifolium",2,"Boothby",0,"A"
"822","17/06/2023","Megan Sherlock","C",332,3,"Matricaria_chamomilla",1,"Boothby",0,"A"
"823","17/06/2023","Megan Sherlock","C",332,3,"Anthriscus_sylvestris",0.5,"Boothby",0,"A"
"825","17/06/2023","Rona Learmonth","C",332,4,"Triticum_aestivum",30,"Boothby",0,"A"
"826","17/06/2023","Rona Learmonth","C",332,4,"Epilobium_angustifolium",8,"Boothby",0,"A"
"827","17/06/2023","Rona Learmonth","C",332,4,"Matricaria_discoidea",1,"Boothby",0,"A"
"829","17/06/2023","Rona Learmonth","C",323,1,"Triticum_aestivum",15,"Boothby",0,"A"
"830","17/06/2023","Rona Learmonth","C",323,1,"Epilobium_angustifolium",3,"Boothby",0,"A"
"831","17/06/2023","Rona Learmonth","C",323,1,"Sonchus_asper",2,"Boothby",0,"A"
"832","17/06/2023","Rona Learmonth","C",323,1,"Matricaria_discoidea",2,"Boothby",0,"A"
"834","17/06/2023","Megan Sherlock","C",323,2,"Triticum_aestivum",15,"Boothby",0,"A"
"835","17/06/2023","Megan Sherlock","C",323,2,"Matricaria_discoidea",2,"Boothby",0,"A"
"836","17/06/2023","Megan Sherlock","C",323,2,"Sonchus_asper",5,"Boothby",0,"A"
"838","17/06/2023","Rona Learmonth","C",323,3,"Triticum_aestivum",12,"Boothby",0,"A"
"839","17/06/2023","Rona Learmonth","C",323,3,"Pulicaria_dysenterica",2,"Boothby",0,"A"
"840","17/06/2023","Rona Learmonth","C",323,3,"Epilobium_angustifolium",4,"Boothby",0,"A"
"841","17/06/2023","Rona Learmonth","C",323,3,"Sonchus_asper",1,"Boothby",0,"A"
"842","17/06/2023","Rona Learmonth","C",323,3,"Matricaria_discoidea",1,"Boothby",0,"A"
"844","17/06/2023","Megan Sherlock","C",323,4,"Triticum_aestivum",10,"Boothby",0,"A"
"845","17/06/2023","Megan Sherlock","C",323,4,"Matricaria_discoidea",2,"Boothby",0,"A"
"846","17/06/2023","Megan Sherlock","C",323,4,"Epilobium_angustifolium",2,"Boothby",0,"A"
"847","17/06/2023","Megan Sherlock","C",323,4,"Sonchus_asper",0.5,"Boothby",0,"A"
"848","17/06/2023","Megan Sherlock","C",323,4,"Epilobium_parviflorum",3,"Boothby",0,"A"
"850","17/06/2023","Megan Sherlock","C",321,1,"Triticum_aestivum",10,"Boothby",0,"A"
"851","17/06/2023","Megan Sherlock","C",321,1,"Sonchus_asper",7,"Boothby",0,"A"
"852","17/06/2023","Megan Sherlock","C",321,1,"Cirsium_vulgare",5,"Boothby",0,"A"
"853","17/06/2023","Megan Sherlock","C",321,1,"Epilobium_angustifolium",3,"Boothby",0,"A"
"854","17/06/2023","Megan Sherlock","C",321,1,"Matricaria_discoidea",1,"Boothby",0,"A"
"856","17/06/2023","Rona Learmonth","C",321,2,"Sonchus_asper",20,"Boothby",0,"A"
"857","17/06/2023","Rona Learmonth","C",321,2,"Epilobium_angustifolium",6,"Boothby",0,"A"
"858","17/06/2023","Rona Learmonth","C",321,2,"Triticum_aestivum",20,"Boothby",0,"A"
"860","17/06/2023","Rona Learmonth","C",321,2,"Matricaria_discoidea",0.2,"Boothby",0,"A"
"861","17/06/2023","Megan Sherlock","C",321,3,"Triticum_aestivum",15,"Boothby",0,"A"
"862","17/06/2023","Megan Sherlock","C",321,3,"Epilobium_angustifolium",2,"Boothby",0,"A"
"863","17/06/2023","Megan Sherlock","C",321,3,"Pulicaria_dysenterica",3,"Boothby",0,"A"
"864","17/06/2023","Megan Sherlock","C",321,3,"Matricaria_discoidea",0.5,"Boothby",0,"A"
"865","17/06/2023","Megan Sherlock","C",321,3,"Sonchus_asper",0.2,"Boothby",0,"A"
"867","17/06/2023","Rona Learmonth","C",321,4,"Triticum_aestivum",25,"Boothby",0,"A"
"868","17/06/2023","Rona Learmonth","C",321,4,"Sonchus_asper",8,"Boothby",0,"A"
"869","17/06/2023","Rona Learmonth","C",321,4,"Pulicaria_dysenterica",2,"Boothby",0,"A"
"870","17/06/2023","Rona Learmonth","C",321,4,"Matricaria_discoidea",0.5,"Boothby",0,"A"
"872","17/06/2023","Rona Learmonth","S",123,1,"Dactylis_glomerata",10,"Boothby",0,"A"
"873","17/06/2023","Rona Learmonth","S",123,1,"Matricaria_discoidea",30,"Boothby",0,"A"
"874","17/06/2023","Rona Learmonth","S",123,1,"Holcus_lanatus",12,"Boothby",0,"A"
"876","17/06/2023","Megan Sherlock","S",123,2,"Dactylis_glomerata",15,"Boothby",0,"A"
"877","17/06/2023","Megan Sherlock","S",123,2,"Pulicaria_dysenterica",4,"Boothby",0,"A"
"878","17/06/2023","Megan Sherlock","S",123,2,"Matricaria_discoidea",7,"Boothby",0,"A"
"879","17/06/2023","Megan Sherlock","S",123,2,"Brassica_napus",3,"Boothby",0,"A"
"880","17/06/2023","Megan Sherlock","S",123,2,"Helminthotheca_echioides",6,"Boothby",0,"A"
"882","17/06/2023","Megan Sherlock","S",123,2,"Deschampsia_cespitosa",4,"Boothby",0,"A"
"883","17/06/2023","Rona Learmonth","S",123,3,"Sonchus_asper",80,"Boothby",0,"A"
"884","17/06/2023","Rona Learmonth","S",123,3,"Brassica_napus",4,"Boothby",0,"A"
"885","17/06/2023","Rona Learmonth","S",123,3,"Pulicaria_dysenterica",2,"Boothby",0,"A"
"886","17/06/2023","Rona Learmonth","S",123,3,"Matricaria_discoidea",4,"Boothby",0,"A"
"888","17/06/2023","Megan Sherlock","S",123,4,"Brassica_napus",35,"Boothby",0,"A"
"889","17/06/2023","Megan Sherlock","S",123,4,"Matricaria_discoidea",15,"Boothby",0,"A"
"890","17/06/2023","Megan Sherlock","S",123,4,"Dactylis_glomerata",2,"Boothby",0,"A"
"891","17/06/2023","Megan Sherlock","S",123,4,"Pulicaria_dysenterica",3,"Boothby",0,"A"
"892","17/06/2023","Megan Sherlock","S",123,4,"Deschampsia_cespitosa",2,"Boothby",0,"A"
"894","17/06/2023","Megan Sherlock","S",113,1,"Atriplex_patula",2,"Boothby",0,"A"
"895","17/06/2023","Megan Sherlock","S",113,1,"Matricaria_chamomilla",6,"Boothby",0,"A"
"896","17/06/2023","Megan Sherlock","S",113,1,"Vicia_faba",4,"Boothby",0,"A"
"898","17/06/2023","Megan Sherlock","S",113,1,"Triticum_aestivum",1,"Boothby",0,"A"
"899","17/06/2023","Rona Learmonth","S",113,2,"Matricaria_discoidea",2,"Boothby",0,"A"
"900","17/06/2023","Rona Learmonth","S",113,2,"Vicia_faba",3,"Boothby",0,"A"
"902","17/06/2023","Megan Sherlock","S",113,3,"Vicia_faba",10,"Boothby",0,"A"
"903","17/06/2023","Megan Sherlock","S",113,3,"Matricaria_chamomilla",5,"Boothby",0,"A"
"904","17/06/2023","Megan Sherlock","S",113,3,"Matricaria_discoidea",2,"Boothby",0,"A"
"905","17/06/2023","Megan Sherlock","S",113,3,"Pulicaria_dysenterica",2,"Boothby",0,"A"
"907","17/06/2023","Rona Learmonth","S",113,4,"Vicia_faba",30,"Boothby",0,"A"
"908","17/06/2023","Rona Learmonth","S",113,4,"Matricaria_chamomilla",9,"Boothby",0,"A"
"910","17/06/2023","Rona Learmonth","C",311,1,"Triticum_aestivum",100,"Boothby",0,"A"
"911","17/06/2023","Megan Sherlock","C",311,2,"Triticum_aestivum",100,"Boothby",0,"A"
"912","17/06/2023","Rona Learmonth","C",311,3,"Triticum_aestivum",98,"Boothby",0,"A"
"913","17/06/2023","Rona Learmonth","C",311,3,"Bromus_hordeaceus",2,"Boothby",0,"A"
"914","17/06/2023","Megan Sherlock","C",311,4,"Triticum_aestivum",100,"Boothby",0,"A"
"915","17/06/2023","Megan Sherlock","NW",121,1,"Triticum_aestivum",100,"Boothby",0,"B"
"916","17/06/2023","Rona Learmonth","NW",121,2,"Triticum_aestivum",100,"Boothby",0,"B"
"917","17/06/2023","Megan Sherlock","NW",121,3,"Triticum_aestivum",100,"Boothby",0,"B"
"918","17/06/2023","Rona Learmonth","NW",121,4,"Triticum_aestivum",100,"Boothby",0,"B"
"919","17/06/2023","Megan Sherlock","NW",123,1,"Triticum_aestivum",100,"Boothby",0,"B"
"920","17/06/2023","Rona Learmonth","NW",123,2,"Triticum_aestivum",100,"Boothby",0,"B"
"921","17/06/2023","Megan Sherlock","NW",123,3,"Triticum_aestivum",100,"Boothby",0,"B"
"922","17/06/2023","Rona Learmonth","NW",123,4,"Triticum_aestivum",100,"Boothby",0,"B"
"923","17/06/2023","Megan Sherlock","NW",131,1,"Triticum_aestivum",100,"Boothby",0,"B"
"924","17/06/2023","Rona Learmonth","NW",131,2,"Triticum_aestivum",100,"Boothby",0,"B"
"925","17/06/2023","Megan Sherlock","NW",131,3,"Triticum_aestivum",100,"Boothby",0,"B"
"926","17/06/2023","Rona Learmonth","NW",131,4,"Triticum_aestivum",100,"Boothby",0,"B"
"927","17/06/2023","Megan Sherlock","NW",132,1,"Triticum_aestivum",100,"Boothby",0,"B"
"928","17/06/2023","Rona Learmonth","NW",132,2,"Triticum_aestivum",100,"Boothby",0,"B"
"929","17/06/2023","Megan Sherlock","NW",132,3,"Triticum_aestivum",100,"Boothby",0,"B"
"930","17/06/2023","Rona Learmonth","NW",132,4,"Triticum_aestivum",100,"Boothby",0,"B"
"931","17/06/2023","Megan Sherlock","NW",213,1,"Triticum_aestivum",100,"Boothby",0,"B"
"932","17/06/2023","Rona Learmonth","NW",213,2,"Triticum_aestivum",100,"Boothby",0,"B"
"933","17/06/2023","Megan Sherlock","NW",213,3,"Triticum_aestivum",100,"Boothby",0,"B"
"934","17/06/2023","Rona Learmonth","NW",213,4,"Triticum_aestivum",100,"Boothby",0,"B"
"935","17/06/2023","Megan Sherlock","NW",221,1,"Triticum_aestivum",100,"Boothby",0,"B"
"936","17/06/2023","Rona Learmonth","NW",221,2,"Triticum_aestivum",100,"Boothby",0,"B"
"937","17/06/2023","Megan Sherlock","NW",221,3,"Triticum_aestivum",100,"Boothby",0,"B"
"938","17/06/2023","Rona Learmonth","NW",221,4,"Triticum_aestivum",100,"Boothby",0,"B"
"939","17/06/2023","Megan Sherlock","NW",223,1,"Triticum_aestivum",100,"Boothby",0,"B"
"940","17/06/2023","Rona Learmonth","NW",223,2,"Triticum_aestivum",100,"Boothby",0,"B"
"941","17/06/2023","Megan Sherlock","NW",223,3,"Triticum_aestivum",100,"Boothby",0,"B"
"942","17/06/2023","Rona Learmonth","NW",223,4,"Triticum_aestivum",100,"Boothby",0,"B"
"943","17/06/2023","Megan Sherlock","NW",231,1,"Triticum_aestivum",100,"Boothby",0,"B"
"944","17/06/2023","Rona Learmonth","NW",231,2,"Triticum_aestivum",100,"Boothby",0,"B"
"945","17/06/2023","Megan Sherlock","NW",231,3,"Triticum_aestivum",100,"Boothby",0,"B"
"946","17/06/2023","Rona Learmonth","NW",231,4,"Triticum_aestivum",100,"Boothby",0,"B"
"947","17/06/2023","Megan Sherlock","NW",232,1,"Triticum_aestivum",100,"Boothby",0,"B"
"948","17/06/2023","Rona Learmonth","NW",232,2,"Triticum_aestivum",100,"Boothby",0,"B"
"949","17/06/2023","Megan Sherlock","NW",232,3,"Triticum_aestivum",100,"Boothby",0,"B"
"950","17/06/2023","Rona Learmonth","NW",232,4,"Triticum_aestivum",100,"Boothby",0,"B"
"951","17/06/2023","Megan Sherlock","C",131,1,"Triticum_aestivum",100,"Boothby",0,"B"
"952","17/06/2023","Rona Learmonth","C",131,2,"Triticum_aestivum",100,"Boothby",0,"B"
"953","17/06/2023","Megan Sherlock","C",131,3,"Triticum_aestivum",100,"Boothby",0,"B"
"954","17/06/2023","Rona Learmonth","C",131,4,"Triticum_aestivum",100,"Boothby",0,"B"
"955","17/06/2023","Megan Sherlock","C",132,1,"Triticum_aestivum",100,"Boothby",0,"B"
"956","17/06/2023","Rona Learmonth","C",132,2,"Triticum_aestivum",100,"Boothby",0,"B"
"957","17/06/2023","Megan Sherlock","C",132,3,"Triticum_aestivum",100,"Boothby",0,"B"
"958","17/06/2023","Rona Learmonth","C",132,4,"Triticum_aestivum",100,"Boothby",0,"B"
"959","17/06/2023","Megan Sherlock","C",231,1,"Hordeum_vulgare",100,"Boothby",0,"B"
"960","17/06/2023","Rona Learmonth","C",231,2,"Hordeum_vulgare",100,"Boothby",0,"B"
"961","17/06/2023","Megan Sherlock","C",231,3,"Hordeum_vulgare",100,"Boothby",0,"B"
"962","17/06/2023","Rona Learmonth","C",231,4,"Hordeum_vulgare",100,"Boothby",0,"B"
"963","17/06/2023","Megan Sherlock","S",112,1,"Vicia_faba",100,"Boothby",0,"B"
"964","17/06/2023","Rona Learmonth","S",112,2,"Vicia_faba",100,"Boothby",0,"B"
"965","17/06/2023","Megan Sherlock","S",112,3,"Vicia_faba",100,"Boothby",0,"B"
"966","17/06/2023","Rona Learmonth","S",112,4,"Vicia_faba",100,"Boothby",0,"B"
"967","17/06/2023","Megan Sherlock","S",121,1,"Vicia_faba",100,"Boothby",0,"B"
"968","17/06/2023","Rona Learmonth","S",121,2,"Vicia_faba",100,"Boothby",0,"B"
"969","17/06/2023","Megan Sherlock","S",121,3,"Vicia_faba",100,"Boothby",0,"B"
"970","17/06/2023","Rona Learmonth","S",121,4,"Vicia_faba",100,"Boothby",0,"B"
"971","17/06/2023","Megan Sherlock","S",212,1,"Triticum_aestivum",100,"Boothby",0,"B"
"972","17/06/2023","Rona Learmonth","S",212,2,"Triticum_aestivum",100,"Boothby",0,"B"
"973","17/06/2023","Megan Sherlock","S",212,3,"Triticum_aestivum",100,"Boothby",0,"B"
"974","17/06/2023","Rona Learmonth","S",212,4,"Triticum_aestivum",100,"Boothby",0,"B"
"975","17/06/2023","Megan Sherlock","S",221,1,"Hordeum_vulgare",100,"Boothby",0,"B"
"976","17/06/2023","Rona Learmonth","S",221,2,"Hordeum_vulgare",100,"Boothby",0,"B"
"977","17/06/2023","Megan Sherlock","S",221,3,"Hordeum_vulgare",100,"Boothby",0,"B"
"978","17/06/2023","Rona Learmonth","S",221,4,"Hordeum_vulgare",100,"Boothby",0,"B"
"979","17/06/2023","Megan Sherlock","S",223,1,"Hordeum_vulgare",100,"Boothby",0,"B"
"980","17/06/2023","Rona Learmonth","S",223,2,"Hordeum_vulgare",100,"Boothby",0,"B"
"981","17/06/2023","Megan Sherlock","S",223,3,"Hordeum_vulgare",100,"Boothby",0,"B"
"982","17/06/2023","Rona Learmonth","S",223,4,"Hordeum_vulgare",100,"Boothby",0,"B"
"983","17/06/2023","Megan Sherlock","S",231,1,"Triticum_aestivum",100,"Boothby",0,"B"
"984","17/06/2023","Rona Learmonth","S",231,2,"Triticum_aestivum",100,"Boothby",0,"B"
"985","17/06/2023","Megan Sherlock","S",231,3,"Triticum_aestivum",100,"Boothby",0,"B"
"986","17/06/2023","Rona Learmonth","S",231,4,"Triticum_aestivum",100,"Boothby",0,"B"
"987","17/06/2023","Megan Sherlock","S",232,1,"Triticum_aestivum",100,"Boothby",0,"B"
"988","17/06/2023","Rona Learmonth","S",232,2,"Triticum_aestivum",100,"Boothby",0,"B"
"989","17/06/2023","Megan Sherlock","S",232,3,"Triticum_aestivum",100,"Boothby",0,"B"
"990","17/06/2023","Rona Learmonth","S",232,4,"Triticum_aestivum",100,"Boothby",0,"B"
"991","17/06/2023","Megan Sherlock","NE",211,1,"Brassica_napus",100,"Boothby",0,"B"
"992","17/06/2023","Rona Learmonth","NE",211,2,"Brassica_napus",100,"Boothby",0,"B"
"993","17/06/2023","Megan Sherlock","NE",211,3,"Brassica_napus",100,"Boothby",0,"B"
"994","17/06/2023","Rona Learmonth","NE",211,4,"Brassica_napus",100,"Boothby",0,"B"
"995","17/06/2023","Megan Sherlock","NE",212,1,"Brassica_napus",100,"Boothby",0,"B"
"996","17/06/2023","Rona Learmonth","NE",212,2,"Brassica_napus",100,"Boothby",0,"B"
"997","17/06/2023","Megan Sherlock","NE",212,3,"Brassica_napus",100,"Boothby",0,"B"
"998","17/06/2023","Rona Learmonth","NE",212,4,"Brassica_napus",100,"Boothby",0,"B"
"999","17/06/2023","Megan Sherlock","NE",221,1,"Brassica_napus",100,"Boothby",0,"B"
"1000","17/06/2023","Rona Learmonth","NE",221,2,"Brassica_napus",100,"Boothby",0,"B"
"1001","17/06/2023","Megan Sherlock","NE",221,3,"Brassica_napus",100,"Boothby",0,"B"
"1002","17/06/2023","Rona Learmonth","NE",221,4,"Brassica_napus",100,"Boothby",0,"B"
"1003","17/06/2023","Megan Sherlock","NE",223,1,"Brassica_napus",100,"Boothby",0,"B"
"1004","17/06/2023","Rona Learmonth","NE",223,2,"Brassica_napus",100,"Boothby",0,"B"
"1005","17/06/2023","Megan Sherlock","NE",223,3,"Brassica_napus",100,"Boothby",0,"B"
"1006","17/06/2023","Rona Learmonth","NE",223,4,"Brassica_napus",100,"Boothby",0,"B"
"1007","17/06/2023","Megan Sherlock","NE",231,1,"Brassica_napus",100,"Boothby",0,"B"
"1008","17/06/2023","Rona Learmonth","NE",231,2,"Brassica_napus",100,"Boothby",0,"B"
"1009","17/06/2023","Megan Sherlock","NE",231,3,"Brassica_napus",100,"Boothby",0,"B"
"1010","17/06/2023","Rona Learmonth","NE",231,4,"Brassica_napus",100,"Boothby",0,"B"
"1011","17/06/2023","Megan Sherlock","NE",232,1,"Brassica_napus",100,"Boothby",0,"B"
"1012","17/06/2023","Rona Learmonth","NE",232,2,"Brassica_napus",100,"Boothby",0,"B"
"1013","17/06/2023","Megan Sherlock","NE",232,3,"Brassica_napus",100,"Boothby",0,"B"
"1014","17/06/2023","Rona Learmonth","NE",232,4,"Brassica_napus",100,"Boothby",0,"B"
