"","Date","Recorder","Site","Block","Plot","Quadrant","Species..Nell.","Species","Cover","Notes","what3words","survey"
"1","2022-07-11","Nell Pates","Boothby","NW","322",1,"beans","Vicia_faba",100,"","lake.outgrown.excuse","A"
"5","2022-07-11","Nell Pates","Boothby","NW","322",2,"beans","Vicia_faba",100,"","lake.outgrown.excuse","A"
"8","2022-07-11","Nell Pates","Boothby","NW","322",3,"beans","Vicia_faba",85,"","lake.outgrown.excuse","A"
"12","2022-07-11","Nell Pates","Boothby","NW","322",4,"beans","Vicia_faba",95,"","lake.outgrown.excuse","A"
"15","2022-07-11","Nell Pates","Boothby","NW","311",1,"grass crop","Triticum_aestivum",100,"","forkfull.firework.craziest","A"
"17","2022-07-11","Nell Pates","Boothby","NW","311",2,"grass crop","Triticum_aestivum",100,"","forkfull.firework.craziest","A"
"19","2022-07-11","Nell Pates","Boothby","NW","311",3,"grass crop","Triticum_aestivum",95,"","forkfull.firework.craziest","A"
"21","2022-07-11","Nell Pates","Boothby","NW","311",4,"grass crop","Triticum_aestivum",100,"","forkfull.firework.craziest","A"
"23","2022-07-11","Nell Pates","Boothby","NW","333",1,"grass crop","Triticum_aestivum",100,"","became.jetted.roadshow","A"
"25","2022-07-11","Nell Pates","Boothby","NW","333",1,"shoot 1","Geranium_molle",0.1,"","became.jetted.roadshow","A"
"26","2022-07-11","Nell Pates","Boothby","NW","333",1,"shoot 2","Chenopodium_ficifolium",0.1,"","became.jetted.roadshow","A"
"28","2022-07-11","Nell Pates","Boothby","NW","333",2,"grass crop","Triticum_aestivum",90,"","became.jetted.roadshow","A"
"31","2022-07-11","Nell Pates","Boothby","NW","333",3,"grass crop","Triticum_aestivum",100,"","became.jetted.roadshow","A"
"34","2022-07-11","Nell Pates","Boothby","NW","333",3,"shoot 3","Galium_aparine",0.1,"","became.jetted.roadshow","A"
"35","2022-07-11","Nell Pates","Boothby","NW","333",4,"grass crop","Triticum_aestivum",100,"","became.jetted.roadshow","A"
"38","2022-07-11","Nell Pates","Boothby","NW","133",1,"Grass 1 - Arrhen","Arrhenatherum_elatius",10,"","festivity.conveying.proofread","A"
"39","2022-07-11","Nell Pates","Boothby","NW","133",1,"Grass 2 - Timothy","Phleum_pratense",5,"","festivity.conveying.proofread","A"
"40","2022-07-11","Nell Pates","Boothby","NW","133",1,"Grass 3 - cocksfoot","Dactylis_glomerata",1,"","festivity.conveying.proofread","A"
"41","2022-07-11","Nell Pates","Boothby","NW","133",1,"Umbellifer","Daucus_carota",5,"","festivity.conveying.proofread","A"
"42","2022-07-11","Nell Pates","Boothby","NW","133",1,"C. nigra","Centaurea_nigra",4,"","festivity.conveying.proofread","A"
"43","2022-07-11","Nell Pates","Boothby","NW","133",1,"Shrub / sapling","Prunus_spinosa",50,"","festivity.conveying.proofread","A"
"44","2022-07-11","Nell Pates","Boothby","NW","133",1,"Bramble","Rubus_fructicosus",35,"","festivity.conveying.proofread","A"
"45","2022-07-11","Nell Pates","Boothby","NW","133",1,"vetch - purple flowers","Vicia_tetraspermae",10,"","festivity.conveying.proofread","A"
"47","2022-07-11","Nell Pates","Boothby","NW","133",1,"Lotus?","Lotus_corniculatus",0.1,"","festivity.conveying.proofread","A"
"48","2022-07-11","Nell Pates","Boothby","NW","133",2,"Grass 1 - Arrhen","Arrhenatherum_elatius",15,"","festivity.conveying.proofread","A"
"49","2022-07-11","Nell Pates","Boothby","NW","133",2,"Grass 2 - Timothy","Phleum_pratense",10,"","festivity.conveying.proofread","A"
"50","2022-07-11","Nell Pates","Boothby","NW","133",2,"Grass 4 - poa?","Poa_trivialis",3,"","festivity.conveying.proofread","A"
"51","2022-07-11","Nell Pates","Boothby","NW","133",2,"Umbellifer","Daucus_carota",25,"","festivity.conveying.proofread","A"
"52","2022-07-11","Nell Pates","Boothby","NW","133",2,"C. nigra","Centaurea_nigra",11,"","festivity.conveying.proofread","A"
"53","2022-07-11","Nell Pates","Boothby","NW","133",2,"Shrub / sapling","Prunus_spinosa",40,"","festivity.conveying.proofread","A"
"54","2022-07-11","Nell Pates","Boothby","NW","133",2,"Bramble","Rubus_fructicosus",50,"","festivity.conveying.proofread","A"
"55","2022-07-11","Nell Pates","Boothby","NW","133",2,"vetch - purple flowers","Vicia_tetraspermae",10,"","festivity.conveying.proofread","A"
"56","2022-07-11","Nell Pates","Boothby","NW","133",2,"Grass 5 - brome?","Festuca_rubra",0.1,"","festivity.conveying.proofread","A"
"58","2022-07-11","Nell Pates","Boothby","NW","133",2,"Grass 6 - tight to stalk","Cynosurus_cristatus",1,"","festivity.conveying.proofread","A"
"59","2022-07-11","Nell Pates","Boothby","NW","133",3,"Grass 1 - Arrhen","Arrhenatherum_elatius",5,"","festivity.conveying.proofread","A"
"60","2022-07-11","Nell Pates","Boothby","NW","133",3,"Grass 2 - Timothy","Phleum_pratense",5,"","festivity.conveying.proofread","A"
"61","2022-07-11","Nell Pates","Boothby","NW","133",3,"Grass 3 - cocksfoot","Dactylis_glomerata",0.5,"","festivity.conveying.proofread","A"
"62","2022-07-11","Nell Pates","Boothby","NW","133",3,"Grass 4 - poa?","Agrostis_capillaris",5,"","festivity.conveying.proofread","A"
"63","2022-07-11","Nell Pates","Boothby","NW","133",3,"Grass 5 - brome?","Festuca_rubra",0.1,"","festivity.conveying.proofread","A"
"64","2022-07-11","Nell Pates","Boothby","NW","133",3,"Umbellifer","Daucus_carota",10,"","festivity.conveying.proofread","A"
"65","2022-07-11","Nell Pates","Boothby","NW","133",3,"Shrub / sapling","Prunus_spinosa",20,"","festivity.conveying.proofread","A"
"66","2022-07-11","Nell Pates","Boothby","NW","133",3,"Bramble","Rubus_fructicosus",50,"","festivity.conveying.proofread","A"
"67","2022-07-11","Nell Pates","Boothby","NW","133",3,"vetch - purple flowers","Vicia_tetraspermae",15,"","festivity.conveying.proofread","A"
"69","2022-07-11","Nell Pates","Boothby","NW","133",3,"long, thin, fluffy leaf","Cirsium_arvense",0.5,"","festivity.conveying.proofread","A"
"70","2022-07-11","Nell Pates","Boothby","NW","133",3,"Rumex sp?","Rumex_crispus",0.5,"","festivity.conveying.proofread","A"
"71","2022-07-11","Nell Pates","Boothby","NW","133",4,"Grass 1 - Arrhen","Arrhenatherum_elatius",10,"","festivity.conveying.proofread","A"
"72","2022-07-11","Nell Pates","Boothby","NW","133",4,"Grass 2 - Timothy","Phleum_pratense",15,"","festivity.conveying.proofread","A"
"73","2022-07-11","Nell Pates","Boothby","NW","133",4,"Grass 3 - cocksfoot","Dactylis_glomerata",0.1,"","festivity.conveying.proofread","A"
"74","2022-07-11","Nell Pates","Boothby","NW","133",4,"Grass 4 - poa?","Agrostis_capillaris",5,"","festivity.conveying.proofread","A"
"75","2022-07-11","Nell Pates","Boothby","NW","133",4,"Umbellifer","Daucus_carota",40,"","festivity.conveying.proofread","A"
"76","2022-07-11","Nell Pates","Boothby","NW","133",4,"C. nigra","Centaurea_nigra",15,"","festivity.conveying.proofread","A"
"77","2022-07-11","Nell Pates","Boothby","NW","133",4,"Shrub / sapling","Prunus_spinosa",25,"","festivity.conveying.proofread","A"
"78","2022-07-11","Nell Pates","Boothby","NW","133",4,"Bramble","Rubus_fructicosus",50,"","festivity.conveying.proofread","A"
"79","2022-07-11","Nell Pates","Boothby","NW","133",4,"vetch - purple flowers","Vicia_tetraspermae",8,"","festivity.conveying.proofread","A"
"80","2022-07-11","Nell Pates","Boothby","NW","133",4,"large, spiky, lumpy leaves","Picris_echioides",8,"","festivity.conveying.proofread","A"
"82","2022-07-11","Nell Pates","Boothby","NW","113",1,"beans","Vicia_faba",95,"","tensions.tipping.sleepers","A"
"84","2022-07-11","Nell Pates","Boothby","NW","113",1,"grass sp","Alopecurus_myosuroides",10,"","tensions.tipping.sleepers","A"
"86","2022-07-11","Nell Pates","Boothby","NW","113",1,"shoot - just leaves","Chenopodium_ficifolium",2,"","tensions.tipping.sleepers","A"
"87","2022-07-11","Nell Pates","Boothby","NW","113",2,"beans","Vicia_faba",100,"","tensions.tipping.sleepers","A"
"89","2022-07-11","Nell Pates","Boothby","NW","113",2,"grass sp","Alopecurus_myosuroides",10,"","tensions.tipping.sleepers","A"
"91","2022-07-11","Nell Pates","Boothby","NW","113",2,"shoot - just leaves","Chenopodium_ficifolium",4,"","tensions.tipping.sleepers","A"
"92","2022-07-11","Nell Pates","Boothby","NW","113",2,"bindweed","Fallopia_convolvulvus",2,"","tensions.tipping.sleepers","A"
"93","2022-07-11","Nell Pates","Boothby","NW","113",3,"beans","Vicia_faba",100,"","tensions.tipping.sleepers","A"
"95","2022-07-11","Nell Pates","Boothby","NW","113",3,"grass sp","Alopecurus_myosuroides",15,"","tensions.tipping.sleepers","A"
"97","2022-07-11","Nell Pates","Boothby","NW","113",3,"shoot - just leaves","Chenopodium_ficifolium",2,"","tensions.tipping.sleepers","A"
"98","2022-07-11","Nell Pates","Boothby","NW","113",4,"beans","Vicia_faba",100,"","tensions.tipping.sleepers","A"
"100","2022-07-11","Nell Pates","Boothby","NW","113",4,"grass sp","Alopecurus_myosuroides",10,"","tensions.tipping.sleepers","A"
"102","2022-07-11","Nell Pates","Boothby","NW","113",4,"shoot - just leaves","Chenopodium_ficifolium",1,"","tensions.tipping.sleepers","A"
"103","2022-07-11","Nell Pates","Boothby","NW","112",1,"beans","Vicia_faba",40,"","stamp.undivided.takeovers","A"
"106","2022-07-11","Nell Pates","Boothby","NW","112",1,"grass sp","Alopecurus_myosuroides",10,"","stamp.undivided.takeovers","A"
"107","2022-07-11","Nell Pates","Boothby","NW","112",1,"shoot - just leaves","Chenopodium_ficifolium",1.5,"","stamp.undivided.takeovers","A"
"108","2022-07-11","Nell Pates","Boothby","NW","112",2,"beans","Vicia_faba",95,"","stamp.undivided.takeovers","A"
"111","2022-07-11","Nell Pates","Boothby","NW","112",3,"beans","Vicia_faba",70,"","stamp.undivided.takeovers","A"
"114","2022-07-11","Nell Pates","Boothby","NW","112",3,"grass sp","Alopecurus_myosuroides",5,"","stamp.undivided.takeovers","A"
"115","2022-07-11","Nell Pates","Boothby","NW","112",4,"beans","Vicia_faba",40,"","stamp.undivided.takeovers","A"
"119","2022-07-11","Nell Pates","Boothby","NW","111",1,"blackthorn","Prunus_spinosa",0,"overhang - 100","shuffles.disposal.train","A"
"120","2022-07-11","Nell Pates","Boothby","NW","111",1,"Hairy grass - broad leaves","Brachypodium_sylvaticum",45,"","shuffles.disposal.train","A"
"121","2022-07-11","Nell Pates","Boothby","NW","111",1,"Ground ivy","Glechoma_hederacea",6,"","shuffles.disposal.train","A"
"125","2022-07-11","Nell Pates","Boothby","NW","111",1,"nettle","Urtica_dioica",0.1,"","shuffles.disposal.train","A"
"127","2022-07-11","Nell Pates","Boothby","NW","111",2,"blackthorn","Prunus_spinosa",0,"overhang - 100","shuffles.disposal.train","A"
"128","2022-07-11","Nell Pates","Boothby","NW","111",2,"Hairy grass - broad leaves","Brachypodium_sylvaticum",50,"","shuffles.disposal.train","A"
"129","2022-07-11","Nell Pates","Boothby","NW","111",2,"Ground ivy","Glechoma_hederacea",3,"","shuffles.disposal.train","A"
"135","2022-07-11","Nell Pates","Boothby","NW","111",3,"blackthorn","Prunus_spinosa",0,"overhang - 100","shuffles.disposal.train","A"
"136","2022-07-11","Nell Pates","Boothby","NW","111",3,"Hairy grass - broad leaves","Brachypodium_sylvaticum",65,"","shuffles.disposal.train","A"
"137","2022-07-11","Nell Pates","Boothby","NW","111",3,"Ground ivy","Glechoma_hederacea",7,"","shuffles.disposal.train","A"
"143","2022-07-11","Nell Pates","Boothby","NW","111",3,"nettle","Urtica_dioica",6,"","shuffles.disposal.train","A"
"144","2022-07-11","Nell Pates","Boothby","NW","111",3,"Rumex sp?","Rumex_sanguineus",5,"","shuffles.disposal.train","A"
"145","2022-07-11","Nell Pates","Boothby","NW","111",3,"shoots / saplings","Prunus_spinosa",3.5,"","shuffles.disposal.train","A"
"146","2022-07-11","Nell Pates","Boothby","NW","111",4,"blackthorn","Prunus_spinosa",0,"overhang - 100","shuffles.disposal.train","A"
"147","2022-07-11","Nell Pates","Boothby","NW","111",4,"Hairy grass - broad leaves","Brachypodium_sylvaticum",45,"","shuffles.disposal.train","A"
"148","2022-07-11","Nell Pates","Boothby","NW","111",4,"Ground ivy","Glechoma_hederacea",5,"","shuffles.disposal.train","A"
"153","2022-07-11","Nell Pates","Boothby","NW","111",4,"shoots / saplings","Prunus_spinosa",2,"","shuffles.disposal.train","A"
"155","2022-07-11","Nell Pates","Boothby","NW","111",4,"grass - poa?","Poa_trivialis",0.1,"","shuffles.disposal.train","A"
"156","2022-07-12","Nell Pates","Boothby","NW","122",1,"beans","Vicia_faba",60,"","onlookers.pheasants.waxer","A"
"159","2022-07-12","Nell Pates","Boothby","NW","122",2,"beans","Vicia_faba",75,"","onlookers.pheasants.waxer","A"
"162","2022-07-12","Nell Pates","Boothby","NW","122",2,"wheat","Triticum_aestivum",3,"","onlookers.pheasants.waxer","A"
"163","2022-07-12","Nell Pates","Boothby","NW","122",2,"dead clump","Senecio_vulgaris",4,"","onlookers.pheasants.waxer","A"
"164","2022-07-12","Nell Pates","Boothby","NW","122",2,"shoot - same as yesterday","Chenopodium_ficifolium",0.1,"","onlookers.pheasants.waxer","A"
"165","2022-07-12","Nell Pates","Boothby","NW","122",3,"beans","Vicia_faba",75,"","onlookers.pheasants.waxer","A"
"168","2022-07-12","Nell Pates","Boothby","NW","122",4,"beans","Vicia_faba",70,"","onlookers.pheasants.waxer","A"
"171","2022-07-12","Nell Pates","Boothby","NW","122",4,"dead clump - different from Q2?","Senecio_vulgaris",10,"","onlookers.pheasants.waxer","A"
"173","2022-07-12","Nell Pates","Boothby","NW","122",4,"wheat","Triticum_aestivum",2,"","onlookers.pheasants.waxer","A"
"174","2022-07-12","Nell Pates","Boothby","NW","211",1,"beans","Vicia_faba",90,"","bluff.hatch.prices","A"
"177","2022-07-12","Nell Pates","Boothby","NW","211",2,"beans","Vicia_faba",95,"","bluff.hatch.prices","A"
"181","2022-07-12","Nell Pates","Boothby","NW","211",3,"beans","Vicia_faba",70,"","bluff.hatch.prices","A"
"185","2022-07-12","Nell Pates","Boothby","NW","211",4,"beans","Vicia_faba",75,"","bluff.hatch.prices","A"
"188","2022-07-12","Nell Pates","Boothby","NW","222",1,"beans","Vicia_faba",45,"","crown.housework.haggle","A"
"191","2022-07-12","Nell Pates","Boothby","NW","222",2,"beans","Vicia_faba",60,"","crown.housework.haggle","A"
"194","2022-07-12","Nell Pates","Boothby","NW","222",3,"beans","Vicia_faba",50,"","crown.housework.haggle","A"
"197","2022-07-12","Nell Pates","Boothby","NW","222",3,"shoot ‘carrot'","Aethusa_cynapium",1,"","crown.housework.haggle","A"
"198","2022-07-12","Nell Pates","Boothby","NW","222",4,"beans","Vicia_faba",40,"","crown.housework.haggle","A"
"201","2022-07-12","Nell Pates","Boothby","NW","233",1,"beans","Vicia_faba",75,"","cookies.invoices.boomer","A"
"204","2022-07-12","Nell Pates","Boothby","NW","233",2,"beans","Vicia_faba",80,"","cookies.invoices.boomer","A"
"207","2022-07-12","Nell Pates","Boothby","NW","233",2,"wheat","Triticum_aestivum",1,"","cookies.invoices.boomer","A"
"208","2022-07-12","Nell Pates","Boothby","NW","233",3,"beans","Vicia_faba",50,"","cookies.invoices.boomer","A"
"211","2022-07-12","Nell Pates","Boothby","NW","233",4,"beans","Vicia_faba",90,"","cookies.invoices.boomer","A"
"214","2022-07-12","Nell Pates","Boothby","C","111",1,"beans","Vicia_faba",95,"","activates.besotted.sleepy","A"
"217","2022-07-12","Nell Pates","Boothby","C","111",2,"beans","Vicia_faba",100,"","activates.besotted.sleepy","A"
"220","2022-07-12","Nell Pates","Boothby","C","111",3,"beans","Vicia_faba",75,"","activates.besotted.sleepy","A"
"223","2022-07-12","Nell Pates","Boothby","C","111",3,"shoot - same as yesterday","Chenopodium_ficifolium",0.1,"","activates.besotted.sleepy","A"
"224","2022-07-12","Nell Pates","Boothby","C","111",4,"beans","Vicia_faba",80,"","activates.besotted.sleepy","A"
"227","2022-07-12","Nell Pates","Boothby","C","0",1,"Soft brome?","Bromus_secalinus",40,"","invented.enlighten.soil","A"
"228","2022-07-12","Nell Pates","Boothby","C","0",1,"Timothy","Phleum_pratense",10,"","invented.enlighten.soil","A"
"229","2022-07-12","Nell Pates","Boothby","C","0",1,"T. flavescens?","Festuca_rubra",0.1,"","invented.enlighten.soil","A"
"230","2022-07-12","Nell Pates","Boothby","C","0",1,"C. nigra","Centaurea_nigra",55,"","invented.enlighten.soil","A"
"231","2022-07-12","Nell Pates","Boothby","C","0",1,"Lotus","Lotus_corniculatus",60,"","invented.enlighten.soil","A"
"232","2022-07-12","Nell Pates","Boothby","C","0",1,"Long thin leaves","Centaurea_nigra",2,"","invented.enlighten.soil","A"
"234","2022-07-12","Nell Pates","Boothby","C","0",1,"carrot’ shoot","Aphanes_arvensis",0.1,"","invented.enlighten.soil","A"
"235","2022-07-12","Nell Pates","Boothby","C","0",1,"Trifolium sp? v small","Trifolium_repens",0.1,"v small and damaged","invented.enlighten.soil","A"
"236","2022-07-12","Nell Pates","Boothby","C","0",2,"Soft brome?","Bromus_secalinus",40,"","invented.enlighten.soil","A"
"237","2022-07-12","Nell Pates","Boothby","C","0",2,"Timothy","Phleum_pratense",10,"","invented.enlighten.soil","A"
"238","2022-07-12","Nell Pates","Boothby","C","0",2,"T. flavescens?","Festuca_rubra",0.1,"","invented.enlighten.soil","A"
"239","2022-07-12","Nell Pates","Boothby","C","0",2,"C. nigra","Centaurea_nigra",90,"","invented.enlighten.soil","A"
"240","2022-07-12","Nell Pates","Boothby","C","0",2,"Lotus","Lotus_corniculatus",35,"","invented.enlighten.soil","A"
"241","2022-07-12","Nell Pates","Boothby","C","0",2,"Umbellifer","Daucus_carota",10,"","invented.enlighten.soil","A"
"242","2022-07-12","Nell Pates","Boothby","C","0",2,"white clover","Trifolium_repens",0.5,"","invented.enlighten.soil","A"
"243","2022-07-12","Nell Pates","Boothby","C","0",2,"A. stolonifera","Poa_trivialis",0.1,"","invented.enlighten.soil","A"
"244","2022-07-12","Nell Pates","Boothby","C","0",2,"T dubium?","Trifolium_dubium",0.1,"very small and damaged","invented.enlighten.soil","A"
"246","2022-07-12","Nell Pates","Boothby","C","0",3,"Soft brome?","Bromus_secalinus",25,"","invented.enlighten.soil","A"
"247","2022-07-12","Nell Pates","Boothby","C","0",3,"Timothy","Phleum_pratense",5,"","invented.enlighten.soil","A"
"248","2022-07-12","Nell Pates","Boothby","C","0",3,"A. stolonifera","Poa_trivialis",2,"","invented.enlighten.soil","A"
"249","2022-07-12","Nell Pates","Boothby","C","0",3,"Grass - tight to stem","Cynosurus_cristatus",0.5,"","invented.enlighten.soil","A"
"250","2022-07-12","Nell Pates","Boothby","C","0",3,"C. nigra","Centaurea_nigra",75,"","invented.enlighten.soil","A"
"251","2022-07-12","Nell Pates","Boothby","C","0",3,"Lotus","Lotus_corniculatus",40,"","invented.enlighten.soil","A"
"252","2022-07-12","Nell Pates","Boothby","C","0",3,"Umbellifer","Daucus_carota",5,"","invented.enlighten.soil","A"
"253","2022-07-12","Nell Pates","Boothby","C","0",4,"Soft brome?","Bromus_secalinus",15,"","invented.enlighten.soil","A"
"254","2022-07-12","Nell Pates","Boothby","C","0",4,"Timothy","Phleum_pratense",3,"","invented.enlighten.soil","A"
"255","2022-07-12","Nell Pates","Boothby","C","0",4,"A. stolonifera","Poa_trivialis",5,"","invented.enlighten.soil","A"
"256","2022-07-12","Nell Pates","Boothby","C","0",4,"C. nigra","Centaurea_nigra",60,"","invented.enlighten.soil","A"
"257","2022-07-12","Nell Pates","Boothby","C","0",4,"Lotus","Lotus_corniculatus",20,"","invented.enlighten.soil","A"
"258","2022-07-12","Nell Pates","Boothby","C","0",4,"Umbellifer","Daucus_carota",8,"","invented.enlighten.soil","A"
"259","2022-07-12","Nell Pates","Boothby","C","0",4,"white clover","Trifolium_repens",5,"","invented.enlighten.soil","A"
"261","2022-07-12","Nell Pates","Boothby","C","222",1,"ash?","Fraxinus_sp",0,"overhang - 100","organic.boards.riches","A"
"262","2022-07-12","Nell Pates","Boothby","C","222",1,"blackthorn","Prunus_spinosa",0,"overhang - 100","organic.boards.riches","A"
"263","2022-07-12","Nell Pates","Boothby","C","222",1,"grass - brachypodium sylvaticum?","Brachypodium_sylvaticum",25,"","organic.boards.riches","A"
"264","2022-07-12","Nell Pates","Boothby","C","222",1,"Bramble","Rubus_fructicosus",5,"+ overhang - 40","organic.boards.riches","A"
"265","2022-07-12","Nell Pates","Boothby","C","222",1,"blackthorn","Prunus_spinosa",85,"","organic.boards.riches","A"
"266","2022-07-12","Nell Pates","Boothby","C","222",1,"veronica ch","Veronica_chamaedrys",5,"","organic.boards.riches","A"
"269","2022-07-12","Nell Pates","Boothby","C","222",1,"soft paired leaves - looks like nettle but doesnt sting","Lamium_sp",4,"","organic.boards.riches","A"
"270","2022-07-12","Nell Pates","Boothby","C","222",1,"Shrub / sapling","Mercurialis_perennis",4,"","organic.boards.riches","A"
"273","2022-07-12","Nell Pates","Boothby","C","222",2,"ash?","Fraxinus_sp",0,"overhang - 100","organic.boards.riches","A"
"274","2022-07-12","Nell Pates","Boothby","C","222",2,"blackthorn","Prunus_spinosa",0,"overhang - 100","organic.boards.riches","A"
"275","2022-07-12","Nell Pates","Boothby","C","222",2,"grass - brachypodium sylvaticum?","Brachypodium_sylvaticum",40,"","organic.boards.riches","A"
"276","2022-07-12","Nell Pates","Boothby","C","222",2,"Bramble","Rubus_fructicosus",0,"overhang - 25","organic.boards.riches","A"
"277","2022-07-12","Nell Pates","Boothby","C","222",2,"blackthorn","Prunus_spinosa",40,"","organic.boards.riches","A"
"278","2022-07-12","Nell Pates","Boothby","C","222",2,"veronica ch","Veronica_chamaedrys",10,"","organic.boards.riches","A"
"281","2022-07-12","Nell Pates","Boothby","C","222",3,"ash?","Fraxinus_sp",0,"overhang - 100","organic.boards.riches","A"
"282","2022-07-12","Nell Pates","Boothby","C","222",3,"blackthorn","Prunus_spinosa",0,"overhang - 100","organic.boards.riches","A"
"283","2022-07-12","Nell Pates","Boothby","C","222",3,"grass - brachypodium sylvaticum?","Brachypodium_sylvaticum",75,"","organic.boards.riches","A"
"284","2022-07-12","Nell Pates","Boothby","C","222",3,"Bramble","Rubus_fructicosus",5,"","organic.boards.riches","A"
"285","2022-07-12","Nell Pates","Boothby","C","222",3,"veronica ch","Veronica_chamaedrys",8,"","organic.boards.riches","A"
"288","2022-07-12","Nell Pates","Boothby","C","222",3,"Rumex sp?","Rumex_sanguineus",5,"","organic.boards.riches","A"
"289","2022-07-12","Nell Pates","Boothby","C","222",3,"carrot sp","Anthriscus_sylvestris",4,"","organic.boards.riches","A"
"290","2022-07-12","Nell Pates","Boothby","C","222",3,"R Repens","Ranunculus_repens",3,"","organic.boards.riches","A"
"291","2022-07-12","Nell Pates","Boothby","C","222",3,"Tiny shoots","Rubus_sp",0.1,"","organic.boards.riches","A"
"292","2022-07-12","Nell Pates","Boothby","C","222",3,"Grass 2 - Deschapsia cespitosa?","Deschampsia_caespitosa",2,"","organic.boards.riches","A"
"293","2022-07-12","Nell Pates","Boothby","C","222",4,"ash?","Fraxinus_sp",0,"overhang - 100","organic.boards.riches","A"
"294","2022-07-12","Nell Pates","Boothby","C","222",4,"blackthorn","Prunus_spinosa",0,"overhang - 100","organic.boards.riches","A"
"295","2022-07-12","Nell Pates","Boothby","C","222",4,"grass - brachypodium sylvaticum?","Brachypodium_sylvaticum",40,"","organic.boards.riches","A"
"296","2022-07-12","Nell Pates","Boothby","C","222",4,"Bramble","Rubus_fructicosus",15,"+ overhang - 15","organic.boards.riches","A"
"297","2022-07-12","Nell Pates","Boothby","C","222",4,"veronica ch","Veronica_chamaedrys",12,"","organic.boards.riches","A"
"300","2022-07-12","Nell Pates","Boothby","C","222",4,"dandelion sp","Taraxacum_officinale",2,"","organic.boards.riches","A"
"301","2022-07-12","Nell Pates","Boothby","C","222",4,"blackthorn","Prunus_spinosa",40,"","organic.boards.riches","A"
"302","2022-07-12","Nell Pates","Boothby","NE","333",1,"Barley","Hordeum_distichum",98,"","liquid.trackers.graduated","A"
"304","2022-07-12","Nell Pates","Boothby","NE","333",1,"shoot 1 - daisy?","Matricaria_recuitia",0.1,"","liquid.trackers.graduated","A"
"305","2022-07-12","Nell Pates","Boothby","NE","333",1,"shoot 2 - bell flower","Viola_arvensis",0.5,"","liquid.trackers.graduated","A"
"307","2022-07-12","Nell Pates","Boothby","NE","333",2,"Barley","Hordeum_distichum",90,"","liquid.trackers.graduated","A"
"311","2022-07-12","Nell Pates","Boothby","NE","333",3,"Barley","Hordeum_distichum",98,"","liquid.trackers.graduated","A"
"313","2022-07-12","Nell Pates","Boothby","NE","333",3,"shoot 1 - daisy?","Matricaria_recuitia",0.1,"","liquid.trackers.graduated","A"
"315","2022-07-12","Nell Pates","Boothby","NE","333",4,"Barley","Hordeum_distichum",85,"","liquid.trackers.graduated","A"
"319","2022-07-12","Nell Pates","Boothby","NE","111",1,"fluffy grass","Polypogon_monspeliensis",100,"","liquid.trackers.graduated","A"
"321","2022-07-12","Nell Pates","Boothby","NE","111",1,"damaged stem","Taraxacum_officinale",0.1,"","liquid.trackers.graduated","A"
"322","2022-07-12","Nell Pates","Boothby","NE","111",1,"shoot - pairs of round leaves","Anagallis_arvensis",0.1,"","liquid.trackers.graduated","A"
"323","2022-07-12","Nell Pates","Boothby","NE","111",1,"damaged leaves - ragwort?","Senecio_jacobaea",0.1,"","liquid.trackers.graduated","A"
"324","2022-07-12","Nell Pates","Boothby","NE","111",1,"damaged sapling","Sambucus_nigra",0.5,"","liquid.trackers.graduated","A"
"326","2022-07-12","Nell Pates","Boothby","NE","111",2,"fluffy grass","Polypogon_monspeliensis",100,"","liquid.trackers.graduated","A"
"328","2022-07-12","Nell Pates","Boothby","NE","111",2,"different dry grass head","Carex_flacca",0.1,"","liquid.trackers.graduated","A"
"329","2022-07-12","Nell Pates","Boothby","NE","111",2,"shoot - damaged leaf","Senecio_jacobaea",0.1,"","liquid.trackers.graduated","A"
"330","2022-07-12","Nell Pates","Boothby","NE","111",3,"fluffy grass","Polypogon_monspeliensis",100,"","liquid.trackers.graduated","A"
"332","2022-07-12","Nell Pates","Boothby","NE","111",3,"R Repens","Ranunculus_repens",2,"","liquid.trackers.graduated","A"
"333","2022-07-12","Nell Pates","Boothby","NE","111",3,"sapling","Acer_pseudoplatinus",0.5,"","liquid.trackers.graduated","A"
"334","2022-07-12","Nell Pates","Boothby","NE","111",3,"small, spiky leaves and shoot","Cirsium_arvense",0.1,"","liquid.trackers.graduated","A"
"335","2022-07-12","Nell Pates","Boothby","NE","111",3,"shoot / sapling 2","Aesculus_hippocastanum",0.1,"","liquid.trackers.graduated","A"
"336","2022-07-12","Nell Pates","Boothby","NE","111",4,"fluffy grass","Polypogon_monspeliensis",100,"","liquid.trackers.graduated","A"
"339","2022-07-12","Nell Pates","Boothby","NE","111",4,"shoot / sapling 2","Anagallis_arvensis",0.1,"","liquid.trackers.graduated","A"
"341","2022-07-12","Nell Pates","Boothby","NE","111",4,"R Repens","Ranunculus_repens",0.5,"","liquid.trackers.graduated","A"
"342","2022-07-12","Nell Pates","Boothby","NE","111",4,"small, spiky leaves and shoot","Cirsium_arvense",0.5,"","liquid.trackers.graduated","A"
"343","2022-07-12","Nell Pates","Boothby","NE","111",4,"shoot - same as shoot 2 in Q3","Aesculus_hippocastanum",0.5,"","liquid.trackers.graduated","A"
"344","2022-07-14","Nell Pates","Boothby","C","322",1,"wheat","Triticum_aestivum",100,"","overdrive.covers.remove","A"
"348","2022-07-14","Nell Pates","Boothby","C","322",2,"wheat","Triticum_aestivum",95,"","overdrive.covers.remove","A"
"351","2022-07-14","Nell Pates","Boothby","C","322",3,"wheat","Triticum_aestivum",100,"","overdrive.covers.remove","A"
"355","2022-07-14","Nell Pates","Boothby","C","322",4,"wheat","Triticum_aestivum",100,"","overdrive.covers.remove","A"
"359","2022-07-14","Nell Pates","Boothby","C","333",1,"wheat","Triticum_aestivum",80,"","trophy.watch.unloads","A"
"362","2022-07-14","Nell Pates","Boothby","C","333",2,"wheat","Triticum_aestivum",90,"","trophy.watch.unloads","A"
"366","2022-07-14","Nell Pates","Boothby","C","333",3,"wheat","Triticum_aestivum",85,"","trophy.watch.unloads","A"
"369","2022-07-14","Nell Pates","Boothby","C","333",3,"shoot","Chenopodium_ficifolium",0.5,"","trophy.watch.unloads","A"
"370","2022-07-14","Nell Pates","Boothby","C","333",4,"wheat","Triticum_aestivum",80,"","trophy.watch.unloads","A"
"374","2022-07-14","Nell Pates","Boothby","S","111",1,"wheat","Triticum_aestivum",75,"","haunts.explores.firework","A"
"378","2022-07-14","Nell Pates","Boothby","S","111",2,"wheat","Triticum_aestivum",60,"","haunts.explores.firework","A"
"382","2022-07-14","Nell Pates","Boothby","S","111",2,"yellow flower shoot","Sonchus_asper",0.5,"","haunts.explores.firework","A"
"383","2022-07-14","Nell Pates","Boothby","S","111",3,"wheat","Triticum_aestivum",100,"","haunts.explores.firework","A"
"387","2022-07-14","Nell Pates","Boothby","S","111",4,"wheat","Triticum_aestivum",100,"","haunts.explores.firework","A"
"391","2022-07-14","Nell Pates","Boothby","S","132",1,"wheat","Triticum_aestivum",90,"","fronted.triads.apes","A"
"395","2022-07-14","Nell Pates","Boothby","S","132",1,"shoot 1","Senecio_vulgaris",0.1,"v small","fronted.triads.apes","A"
"397","2022-07-14","Nell Pates","Boothby","S","132",2,"wheat","Triticum_aestivum",85,"","fronted.triads.apes","A"
"401","2022-07-14","Nell Pates","Boothby","S","132",2,"shoot 3 - wrinkly leaves","Senecio_vulgaris",0.1,"","fronted.triads.apes","A"
"403","2022-07-14","Nell Pates","Boothby","S","132",3,"wheat","Triticum_aestivum",80,"","fronted.triads.apes","A"
"407","2022-07-14","Nell Pates","Boothby","S","132",3,"yellow flower","Senecio_vulgaris",0.1,"","fronted.triads.apes","A"
"408","2022-07-14","Nell Pates","Boothby","S","132",4,"wheat","Triticum_aestivum",75,"","fronted.triads.apes","A"
"412","2022-07-14","Nell Pates","Boothby","S","132",4,"yellow flower","Senecio_vulgaris",0.5,"","fronted.triads.apes","A"
"413","2022-07-14","Nell Pates","Boothby","S","313",1,"Barley","Hordeum_distichum",90,"","sprouting.alcove.prancing","A"
"415","2022-07-14","Nell Pates","Boothby","S","313",2,"Barley","Hordeum_distichum",75,"","sprouting.alcove.prancing","A"
"417","2022-07-14","Nell Pates","Boothby","S","313",3,"Barley","Hordeum_distichum",98,"","sprouting.alcove.prancing","A"
"419","2022-07-14","Nell Pates","Boothby","S","313",4,"Barley","Hordeum_distichum",99,"","sprouting.alcove.prancing","A"
"422","2022-07-14","Nell Pates","Boothby","S","213",1,"wheat","Triticum_aestivum",90,"","doted.replenish.lyricism","A"
"426","2022-07-14","Nell Pates","Boothby","S","213",2,"wheat","Triticum_aestivum",95,"","doted.replenish.lyricism","A"
"430","2022-07-14","Nell Pates","Boothby","S","213",3,"wheat","Triticum_aestivum",95,"","doted.replenish.lyricism","A"
"434","2022-07-14","Nell Pates","Boothby","S","213",4,"wheat","Triticum_aestivum",90,"","doted.replenish.lyricism","A"
"438","2022-07-14","Nell Pates","Boothby","S","222",1,"wheat","Triticum_aestivum",95,"","audibly.adjusting.clan","A"
"441","2022-07-14","Nell Pates","Boothby","S","222",1,"carrot sp","Aethusa_cynapium",8,"","audibly.adjusting.clan","A"
"442","2022-07-14","Nell Pates","Boothby","S","222",2,"wheat","Triticum_aestivum",90,"","audibly.adjusting.clan","A"
"445","2022-07-14","Nell Pates","Boothby","S","222",2,"carrot sp","Aethusa_cynapium",12,"","audibly.adjusting.clan","A"
"446","2022-07-14","Nell Pates","Boothby","S","222",3,"wheat","Triticum_aestivum",75,"","audibly.adjusting.clan","A"
"449","2022-07-14","Nell Pates","Boothby","S","222",3,"carrot sp","Aethusa_cynapium",10,"","audibly.adjusting.clan","A"
"450","2022-07-14","Nell Pates","Boothby","S","222",4,"wheat","Triticum_aestivum",70,"","audibly.adjusting.clan","A"
"454","2022-07-14","Nell Pates","Boothby","NE","122",1,"Barley","Hordeum_distichum",98,"","uppermost.wiped.gifted","A"
"457","2022-07-14","Nell Pates","Boothby","NE","122",2,"Barley","Hordeum_distichum",98,"","uppermost.wiped.gifted","A"
"460","2022-07-14","Nell Pates","Boothby","NE","122",3,"Barley","Hordeum_distichum",80,"","uppermost.wiped.gifted","A"
"463","2022-07-14","Nell Pates","Boothby","NE","122",4,"Barley","Hordeum_distichum",90,"","uppermost.wiped.gifted","A"
"466","2022-07-14","Nell Pates","Boothby","NE","222",1,"Barley","Hordeum_distichum",100,"","crackled.hunk.monks","A"
"468","2022-07-14","Nell Pates","Boothby","NE","222",1,"Barley","Hordeum_distichum",98,"","crackled.hunk.monks","A"
"470","2022-07-14","Nell Pates","Boothby","NE","222",2,"Tall with white flowers (+ shoot) ","Viola_arvensis",0.5,"","crackled.hunk.monks","A"
"471","2022-07-14","Nell Pates","Boothby","NE","222",3,"Barley","Hordeum_distichum",100,"","crackled.hunk.monks","A"
"473","2022-07-14","Nell Pates","Boothby","NE","222",3,"shoot - same as Q2","Viola_arvensis",0.5,"","crackled.hunk.monks","A"
"474","2022-07-14","Nell Pates","Boothby","NE","222",4,"Barley","Hordeum_distichum",98,"","crackled.hunk.monks","A"
"476","2022-07-14","Nell Pates","Boothby","NE","222",4,"shoot - same as Q2","Viola_arvensis",0.5,"","crackled.hunk.monks","A"
"477","2022-07-18","Nell Pates","Boothby","S","122",1,"Barley","Hordeum_distichum",75,"","sweeping.health.pigment","A"
"479","2022-07-18","Nell Pates","Boothby","S","122",2,"Barley","Hordeum_distichum",75,"","sweeping.health.pigment","A"
"481","2022-07-18","Nell Pates","Boothby","S","122",3,"Barley","Hordeum_distichum",95,"","sweeping.health.pigment","A"
"483","2022-07-18","Nell Pates","Boothby","S","122",3,"daisy","Matricaria_recuitia",1,"","sweeping.health.pigment","A"
"484","2022-07-18","Nell Pates","Boothby","S","122",4,"Barley","Hordeum_distichum",90,"","sweeping.health.pigment","A"
"486","2022-07-18","Nell Pates","Boothby","S","133",1,"grass 1 - cocksfoot","Dactylis_glomerata",40,"","deck.teach.pizzeria","A"
"487","2022-07-18","Nell Pates","Boothby","S","133",1,"grass 2 - agrostis stol?","Agrostis_stolonifera",20,"","deck.teach.pizzeria","A"
"488","2022-07-18","Nell Pates","Boothby","S","133",1,"grass 3 - lolium perenne?","Elymus_repens",10,"","deck.teach.pizzeria","A"
"489","2022-07-18","Nell Pates","Boothby","S","133",1,"nettle","Urtica_dioica",20,"","deck.teach.pizzeria","A"
"490","2022-07-18","Nell Pates","Boothby","S","133",1,"thistle","Cirsium_arvense",15,"","deck.teach.pizzeria","A"
"491","2022-07-18","Nell Pates","Boothby","S","133",1,"Bramble","Rubus_fructicosus",5,"","deck.teach.pizzeria","A"
"492","2022-07-18","Nell Pates","Boothby","S","133",1,"Rumex sp?","Rumex_sanguineus",5,"","deck.teach.pizzeria","A"
"493","2022-07-18","Nell Pates","Boothby","S","133",1,"Ground ivy","Glechoma_hederacea",15,"","deck.teach.pizzeria","A"
"494","2022-07-18","Nell Pates","Boothby","S","133",1,"galium aparine","Galium_aparine",2,"","deck.teach.pizzeria","A"
"496","2022-07-18","Nell Pates","Boothby","S","133",2,"grass 1 - cocksfoot","Dactylis_glomerata",25,"","deck.teach.pizzeria","A"
"497","2022-07-18","Nell Pates","Boothby","S","133",2,"grass 2 - agrostis stol?","Poa_trivialis",35,"","deck.teach.pizzeria","A"
"498","2022-07-18","Nell Pates","Boothby","S","133",2,"grass 3 - lolium perenne?","Elymus_repens",2,"","deck.teach.pizzeria","A"
"499","2022-07-18","Nell Pates","Boothby","S","133",2,"grass 4 - arrhe","Arrhenatherum_elatius",2,"","deck.teach.pizzeria","A"
"500","2022-07-18","Nell Pates","Boothby","S","133",2,"nettle","Urtica_dioica",8,"","deck.teach.pizzeria","A"
"501","2022-07-18","Nell Pates","Boothby","S","133",2,"thistle","Cirsium_arvense",25,"","deck.teach.pizzeria","A"
"502","2022-07-18","Nell Pates","Boothby","S","133",2,"Bramble","Rubus_fructicosus",4,"+ overhang - 10","deck.teach.pizzeria","A"
"503","2022-07-18","Nell Pates","Boothby","S","133",2,"Ground ivy","Glechoma_hederacea",5,"","deck.teach.pizzeria","A"
"504","2022-07-18","Nell Pates","Boothby","S","133",2,"galium aparine","Galium_aparine",5,"","deck.teach.pizzeria","A"
"506","2022-07-18","Nell Pates","Boothby","S","133",2,"Rumex sp?","Rumex_sanguineus",2,"","deck.teach.pizzeria","A"
"508","2022-07-18","Nell Pates","Boothby","S","133",3,"grass 1 - cocksfoot","Dactylis_glomerata",15,"","deck.teach.pizzeria","A"
"509","2022-07-18","Nell Pates","Boothby","S","133",3,"grass 2 - agrostis stol?","Poa_trivialis",5,"","deck.teach.pizzeria","A"
"510","2022-07-18","Nell Pates","Boothby","S","133",3,"grass 3 - lolium perenne?","Elymus_repens",1,"","deck.teach.pizzeria","A"
"511","2022-07-18","Nell Pates","Boothby","S","133",3,"grass 4 - arrhe","Arrhenatherum_elatius",2,"","deck.teach.pizzeria","A"
"512","2022-07-18","Nell Pates","Boothby","S","133",3,"nettle","Urtica_dioica",75,"","deck.teach.pizzeria","A"
"513","2022-07-18","Nell Pates","Boothby","S","133",3,"thistle","Cirsium_arvense",15,"","deck.teach.pizzeria","A"
"514","2022-07-18","Nell Pates","Boothby","S","133",3,"Rumex sp?","Rumex_sanguineus",4,"","deck.teach.pizzeria","A"
"515","2022-07-18","Nell Pates","Boothby","S","133",3,"Ground ivy","Glechoma_hederacea",5,"","deck.teach.pizzeria","A"
"519","2022-07-18","Nell Pates","Boothby","S","133",4,"grass 2 - agrostis stol?","Poa_trivialis",35,"","deck.teach.pizzeria","A"
"520","2022-07-18","Nell Pates","Boothby","S","133",4,"grass 4 - arrhe","Arrhenatherum_elatius",2,"","deck.teach.pizzeria","A"
"521","2022-07-18","Nell Pates","Boothby","S","133",4,"grass 5 - holcus lanatus","Holcus_lanatus",2,"","deck.teach.pizzeria","A"
"522","2022-07-18","Nell Pates","Boothby","S","133",4,"nettle","Urtica_dioica",10,"","deck.teach.pizzeria","A"
"523","2022-07-18","Nell Pates","Boothby","S","133",4,"thistle","Cirsium_arvense",4,"","deck.teach.pizzeria","A"
"524","2022-07-18","Nell Pates","Boothby","S","133",4,"Ground ivy","Glechoma_hederacea",2,"","deck.teach.pizzeria","A"
"526","2022-07-18","Nell Pates","Boothby","C","133",1,"beans","Vicia_faba",100,"mostly flattened","tipping.udder.tangent","A"
"529","2022-07-18","Nell Pates","Boothby","C","133",2,"beans","Vicia_faba",100,"","tipping.udder.tangent","A"
"532","2022-07-18","Nell Pates","Boothby","C","133",3,"beans","Vicia_faba",95,"","tipping.udder.tangent","A"
"535","2022-07-18","Nell Pates","Boothby","C","133",4,"beans","Vicia_faba",95,"","tipping.udder.tangent","A"
"538","2022-07-18","Nell Pates","Boothby","C","113",1,"beans","Vicia_faba",85,"","matchbox.marbles.readily","A"
"542","2022-07-18","Nell Pates","Boothby","C","113",2,"beans","Vicia_faba",90,"","matchbox.marbles.readily","A"
"545","2022-07-18","Nell Pates","Boothby","C","113",3,"beans","Vicia_faba",90,"","matchbox.marbles.readily","A"
"548","2022-07-18","Nell Pates","Boothby","C","113",3,"wheat","Triticum_aestivum",0.5,"dead","matchbox.marbles.readily","A"
"549","2022-07-18","Nell Pates","Boothby","C","113",4,"beans","Vicia_faba",80,"","matchbox.marbles.readily","A"
"552","2022-07-18","Nell Pates","Boothby","C","122",1,"oak","Quercus_robur",0,"overhang - 15","wire.panthers.permit","A"
"553","2022-07-18","Nell Pates","Boothby","C","122",1,"hornbeam?","Carpinus_betulus",0,"overhang - 100","wire.panthers.permit","A"
"554","2022-07-18","Nell Pates","Boothby","C","122",1,"grass sp","Festuca_rubra",0,"overhang 55","wire.panthers.permit","A"
"555","2022-07-18","Nell Pates","Boothby","C","122",1,"bramble","Rubus_fructicosus",0,"overhang - 25","wire.panthers.permit","A"
"560","2022-07-18","Nell Pates","Boothby","C","122",2,"oak","Quercus_robur",0,"overhang - 15","wire.panthers.permit","A"
"561","2022-07-18","Nell Pates","Boothby","C","122",2,"hornbeam?","Carpinus_betulus",0,"overhang - 100","wire.panthers.permit","A"
"562","2022-07-18","Nell Pates","Boothby","C","122",2,"grass sp","Festuca_rubra",70,"","wire.panthers.permit","A"
"563","2022-07-18","Nell Pates","Boothby","C","122",2,"bramble","Rubus_fructicosus",4,"","wire.panthers.permit","A"
"568","2022-07-18","Nell Pates","Boothby","C","122",3,"oak","Quercus_robur",0,"overhang - 15","wire.panthers.permit","A"
"569","2022-07-18","Nell Pates","Boothby","C","122",3,"hornbeam?","Carpinus_betulus",0,"overhang - 100","wire.panthers.permit","A"
"570","2022-07-18","Nell Pates","Boothby","C","122",3,"grass sp","Festuca_rubra",55,"","wire.panthers.permit","A"
"571","2022-07-18","Nell Pates","Boothby","C","122",3,"bramble","Rubus_fructicosus",8,"+ 10 overhang","wire.panthers.permit","A"
"576","2022-07-18","Nell Pates","Boothby","C","122",3,"shoot 1","Fraxinus_excelsior",2,"","wire.panthers.permit","A"
"577","2022-07-18","Nell Pates","Boothby","C","122",3,"shoot 2 - bracken?","Dryopteris_filix-mas",0.1,"","wire.panthers.permit","A"
"578","2022-07-18","Nell Pates","Boothby","C","122",3,"shoot 3 - ground ivy?","Glechoma_hederacea",0.1,"","wire.panthers.permit","A"
"579","2022-07-18","Nell Pates","Boothby","C","122",4,"oak","Quercus_robur",0,"overhang - 15","wire.panthers.permit","A"
"580","2022-07-18","Nell Pates","Boothby","C","122",4,"hornbeam?","Carpinus_betulus",0,"overhang - 100","wire.panthers.permit","A"
"581","2022-07-18","Nell Pates","Boothby","C","122",4,"grass sp","Festuca_rubra",50,"overhang - 15","wire.panthers.permit","A"
"586","2022-07-18","Nell Pates","Boothby","C","122",4,"shoot 2 - bracken?","Dryopteris_filix-mas",1,"","wire.panthers.permit","A"
"587","2022-07-18","Nell Pates","Boothby","C","122",4,"Rumex sp","Rumex_crispus",3,"","wire.panthers.permit","A"
"588","2022-07-18","Nell Pates","Boothby","C","123",1,"oak","Quercus_robur",0,"overhang - 50","trend.greeting.tripods","A"
"589","2022-07-18","Nell Pates","Boothby","C","123",1,"bramble","Rubus_fructicosus",100,"","trend.greeting.tripods","A"
"591","2022-07-18","Nell Pates","Boothby","C","123",1,"grass / sedge?","Brachypodium_sylvaticum",2,"","trend.greeting.tripods","A"
"592","2022-07-18","Nell Pates","Boothby","C","123",1,"G urbanum","Geum_urbanum",2,"","trend.greeting.tripods","A"
"594","2022-07-18","Nell Pates","Boothby","C","123",2,"oak","Quercus_robur",0,"overhang - 50","trend.greeting.tripods","A"
"595","2022-07-18","Nell Pates","Boothby","C","123",2,"bramble","Rubus_fructicosus",100,"","trend.greeting.tripods","A"
"597","2022-07-18","Nell Pates","Boothby","C","123",2,"grass / sedge?","Brachypodium_sylvaticum",20,"","trend.greeting.tripods","A"
"598","2022-07-18","Nell Pates","Boothby","C","123",2,"sapling","Acer_campestre",15,"","trend.greeting.tripods","A"
"600","2022-07-18","Nell Pates","Boothby","C","123",2,"shoot - twining, hairy, soft paired leaves","Lonicera_periclymenum",1,"","trend.greeting.tripods","A"
"601","2022-07-18","Nell Pates","Boothby","C","123",2,"G urbanum","Geum_urbanum",4,"","trend.greeting.tripods","A"
"602","2022-07-18","Nell Pates","Boothby","C","123",3,"oak","Quercus_robur",0,"overhang - 50","trend.greeting.tripods","A"
"603","2022-07-18","Nell Pates","Boothby","C","123",3,"bramble","Rubus_fructicosus",95,"","trend.greeting.tripods","A"
"605","2022-07-18","Nell Pates","Boothby","C","123",3,"grass / sedge?","Brachypodium_sylvaticum",20,"","trend.greeting.tripods","A"
"607","2022-07-18","Nell Pates","Boothby","C","123",4,"oak","Quercus_robur",0,"overhang - 50","trend.greeting.tripods","A"
"608","2022-07-18","Nell Pates","Boothby","C","123",4,"bramble","Rubus_fructicosus",75,"","trend.greeting.tripods","A"
"609","2022-07-18","Nell Pates","Boothby","C","123",4,"grass / sedge?","Brachypodium_sylvaticum",35,"","trend.greeting.tripods","A"
"612","2022-07-19","Nell Pates","Boothby","NE","112",1,"Timothy","Phleum_pratense",80,"","gives.laugh.consoles","A"
"613","2022-07-19","Nell Pates","Boothby","NE","112",1,"soft brome","Bromus_secalinus",2,"","gives.laugh.consoles","A"
"614","2022-07-19","Nell Pates","Boothby","NE","112",1,"Grass - Schedonorus pratensis?","Festuca_rubra",4,"","gives.laugh.consoles","A"
"615","2022-07-19","Nell Pates","Boothby","NE","112",1,"C. nigra","Centaurea_nigra",0,"overhang - 5","gives.laugh.consoles","A"
"616","2022-07-19","Nell Pates","Boothby","NE","112",1,"bindweed","Convolvulus_arvensis",15,"","gives.laugh.consoles","A"
"617","2022-07-19","Nell Pates","Boothby","NE","112",1,"Lotus","Lotus_corniculatus",25,"","gives.laugh.consoles","A"
"618","2022-07-19","Nell Pates","Boothby","NE","112",1,"cocksfoot","Dactylis_glomerata",0.5,"","gives.laugh.consoles","A"
"619","2022-07-19","Nell Pates","Boothby","NE","112",1,"dandelion sp","Taraxacum_officinale",2,"","gives.laugh.consoles","A"
"620","2022-07-19","Nell Pates","Boothby","NE","112",1,"grass - tight to stem","Cynosurus_cristatus",2,"","gives.laugh.consoles","A"
"621","2022-07-19","Nell Pates","Boothby","NE","112",1,"clover","Trifolium_repens",1,"","gives.laugh.consoles","A"
"623","2022-07-19","Nell Pates","Boothby","NE","112",2,"Timothy","Phleum_pratense",65,"","gives.laugh.consoles","A"
"624","2022-07-19","Nell Pates","Boothby","NE","112",2,"Grass - Schedonorus pratensis?","Festuca_rubra",1,"","gives.laugh.consoles","A"
"625","2022-07-19","Nell Pates","Boothby","NE","112",2,"C. nigra","Centaurea_nigra",20,"","gives.laugh.consoles","A"
"626","2022-07-19","Nell Pates","Boothby","NE","112",2,"bindweed","Convolvulus_arvensis",15,"","gives.laugh.consoles","A"
"627","2022-07-19","Nell Pates","Boothby","NE","112",2,"Lotus","Lotus_corniculatus",10,"","gives.laugh.consoles","A"
"628","2022-07-19","Nell Pates","Boothby","NE","112",2,"cocksfoot","Dactylis_glomerata",0.1,"","gives.laugh.consoles","A"
"629","2022-07-19","Nell Pates","Boothby","NE","112",2,"dandelion sp","Taraxacum_officinale",4,"","gives.laugh.consoles","A"
"630","2022-07-19","Nell Pates","Boothby","NE","112",2,"soft brome","Bromus_secalinus",0.5,"","gives.laugh.consoles","A"
"632","2022-07-19","Nell Pates","Boothby","NE","112",2,"small Timothy","Phleum_bertolonii",3,"","gives.laugh.consoles","A"
"633","2022-07-19","Nell Pates","Boothby","NE","112",2,"Agrostis sp","Poa_trivialis",0.5,"","gives.laugh.consoles","A"
"634","2022-07-19","Nell Pates","Boothby","NE","112",2,"Lolium perenne","Lolium_perenne",0.1,"","gives.laugh.consoles","A"
"635","2022-07-19","Nell Pates","Boothby","NE","112",2,"buttercup","Ranunculus_repens",1,"","gives.laugh.consoles","A"
"636","2022-07-19","Nell Pates","Boothby","NE","112",3,"Timothy","Phleum_pratense",25,"","gives.laugh.consoles","A"
"637","2022-07-19","Nell Pates","Boothby","NE","112",3,"Grass - Schedonorus pratensis?","Festuca_rubra",15,"","gives.laugh.consoles","A"
"638","2022-07-19","Nell Pates","Boothby","NE","112",3,"soft brome","Bromus_secalinus",5,"","gives.laugh.consoles","A"
"639","2022-07-19","Nell Pates","Boothby","NE","112",3,"C. nigra","Centaurea_nigra",8,"","gives.laugh.consoles","A"
"640","2022-07-19","Nell Pates","Boothby","NE","112",3,"bindweed","Convolvulus_arvensis",10,"","gives.laugh.consoles","A"
"641","2022-07-19","Nell Pates","Boothby","NE","112",3,"Lotus","Lotus_corniculatus",10,"","gives.laugh.consoles","A"
"642","2022-07-19","Nell Pates","Boothby","NE","112",3,"cocksfoot","Dactylis_glomerata",10,"","gives.laugh.consoles","A"
"643","2022-07-19","Nell Pates","Boothby","NE","112",3,"dandelion sp","Taraxacum_officinale",3,"","gives.laugh.consoles","A"
"644","2022-07-19","Nell Pates","Boothby","NE","112",3,"small Timothy","Phleum_bertolonii",2,"","gives.laugh.consoles","A"
"645","2022-07-19","Nell Pates","Boothby","NE","112",3,"Agrostis sp","Poa_trivialis",4,"","gives.laugh.consoles","A"
"648","2022-07-19","Nell Pates","Boothby","NE","112",3,"Lolium perenne","Lolium_perenne",0.1,"","gives.laugh.consoles","A"
"649","2022-07-19","Nell Pates","Boothby","NE","112",3,"paired, pale green leaves - sapling? tough stem","Fraxinus_excelsior",0.5,"","gives.laugh.consoles","A"
"650","2022-07-19","Nell Pates","Boothby","NE","112",4,"Timothy","Phleum_pratense",30,"","gives.laugh.consoles","A"
"651","2022-07-19","Nell Pates","Boothby","NE","112",4,"soft brome","Bromus_secalinus",5,"","gives.laugh.consoles","A"
"652","2022-07-19","Nell Pates","Boothby","NE","112",4,"Grass - Schedonorus pratensis?","Festuca_rubra",10,"","gives.laugh.consoles","A"
"653","2022-07-19","Nell Pates","Boothby","NE","112",4,"C. nigra","Centaurea_nigra",35,"","gives.laugh.consoles","A"
"654","2022-07-19","Nell Pates","Boothby","NE","112",4,"bindweed","Convolvulus_arvensis",30,"","gives.laugh.consoles","A"
"655","2022-07-19","Nell Pates","Boothby","NE","112",4,"Lotus","Lotus_corniculatus",5,"","gives.laugh.consoles","A"
"656","2022-07-19","Nell Pates","Boothby","NE","112",4,"cocksfoot","Dactylis_glomerata",5,"","gives.laugh.consoles","A"
"657","2022-07-19","Nell Pates","Boothby","NE","112",4,"small Timothy","Phleum_bertolonii",2,"","gives.laugh.consoles","A"
"658","2022-07-19","Nell Pates","Boothby","NE","112",4,"vetch","Vicia_tetraspermae",0.1,"no flowers, quite small","gives.laugh.consoles","A"
"659","2022-07-19","Nell Pates","Boothby","NE","112",4,"C. fontanum?","Cerastium_fontanum",0.5,"","gives.laugh.consoles","A"
"661","2022-07-19","Nell Pates","Boothby","NE","113",1,"Barley","Hordeum_distichum",95,"","sharpens.visions.recur","A"
"663","2022-07-19","Nell Pates","Boothby","NE","113",2,"Barley","Hordeum_distichum",80,"","sharpens.visions.recur","A"
"665","2022-07-19","Nell Pates","Boothby","NE","113",3,"Barley","Hordeum_distichum",85,"","sharpens.visions.recur","A"
"667","2022-07-19","Nell Pates","Boothby","NE","113",4,"Barley","Hordeum_distichum",80,"","sharpens.visions.recur","A"
"670","2022-07-19","Nell Pates","Boothby","NE","131",1,"Timothy","Phleum_pratense",50,"","minimums.counts.stack","A"
"671","2022-07-19","Nell Pates","Boothby","NE","131",1,"soft brome","Bromus_secalinus",1,"","minimums.counts.stack","A"
"672","2022-07-19","Nell Pates","Boothby","NE","131",1,"Grass - Schedonorus pratensis?","Festuca_rubra",2,"","minimums.counts.stack","A"
"673","2022-07-19","Nell Pates","Boothby","NE","131",1,"Lolium perenne","Lolium_perenne",5,"","minimums.counts.stack","A"
"674","2022-07-19","Nell Pates","Boothby","NE","131",1,"grass tight to stem","Cynosurus_cristatus",1,"","minimums.counts.stack","A"
"675","2022-07-19","Nell Pates","Boothby","NE","131",1,"Agrostis sp","Poa_trivialis",10,"","minimums.counts.stack","A"
"676","2022-07-19","Nell Pates","Boothby","NE","131",1,"trifolium repens","Trifolium_repens",25,"","minimums.counts.stack","A"
"677","2022-07-19","Nell Pates","Boothby","NE","131",1,"R Repens","Ranunculus_repens",20,"","minimums.counts.stack","A"
"678","2022-07-19","Nell Pates","Boothby","NE","131",1,"small Timothy","Phleum_bertolonii",2,"","minimums.counts.stack","A"
"680","2022-07-19","Nell Pates","Boothby","NE","131",2,"Timothy","Phleum_pratense",40,"","minimums.counts.stack","A"
"681","2022-07-19","Nell Pates","Boothby","NE","131",2,"soft brome","Bromus_secalinus",2,"","minimums.counts.stack","A"
"682","2022-07-19","Nell Pates","Boothby","NE","131",2,"Grass - Schedonorus pratensis?","Festuca_rubra",2,"","minimums.counts.stack","A"
"683","2022-07-19","Nell Pates","Boothby","NE","131",2,"Lolium perenne","Lolium_perenne",20,"","minimums.counts.stack","A"
"684","2022-07-19","Nell Pates","Boothby","NE","131",2,"grass tight to stem","Cynosurus_cristatus",1,"","minimums.counts.stack","A"
"685","2022-07-19","Nell Pates","Boothby","NE","131",2,"Agrostis sp","Poa_trivialis",5,"","minimums.counts.stack","A"
"686","2022-07-19","Nell Pates","Boothby","NE","131",2,"small Timothy","Phleum_bertolonii",5,"","minimums.counts.stack","A"
"687","2022-07-19","Nell Pates","Boothby","NE","131",2,"trifolium repens","Trifolium_repens",15,"","minimums.counts.stack","A"
"688","2022-07-19","Nell Pates","Boothby","NE","131",2,"R Repens","Ranunculus_repens",25,"","minimums.counts.stack","A"
"690","2022-07-19","Nell Pates","Boothby","NE","131",3,"Timothy","Phleum_pratense",5,"","minimums.counts.stack","A"
"691","2022-07-19","Nell Pates","Boothby","NE","131",3,"soft brome","Bromus_secalinus",5,"","minimums.counts.stack","A"
"692","2022-07-19","Nell Pates","Boothby","NE","131",3,"Grass - Schedonorus pratensis?","Festuca_rubra",2,"","minimums.counts.stack","A"
"693","2022-07-19","Nell Pates","Boothby","NE","131",3,"Lolium perenne","Lolium_perenne",20,"","minimums.counts.stack","A"
"694","2022-07-19","Nell Pates","Boothby","NE","131",3,"grass tight to stem","Cynosurus_cristatus",2,"","minimums.counts.stack","A"
"695","2022-07-19","Nell Pates","Boothby","NE","131",3,"Agrostis sp","Poa_trivialis",25,"","minimums.counts.stack","A"
"696","2022-07-19","Nell Pates","Boothby","NE","131",3,"small Timothy","Phleum_bertolonii",5,"","minimums.counts.stack","A"
"697","2022-07-19","Nell Pates","Boothby","NE","131",3,"trifolium repens","Trifolium_repens",20,"","minimums.counts.stack","A"
"698","2022-07-19","Nell Pates","Boothby","NE","131",3,"R Repens","Ranunculus_repens",35,"","minimums.counts.stack","A"
"700","2022-07-19","Nell Pates","Boothby","NE","131",3,"geranium?","Geranium_dissectum",2,"","minimums.counts.stack","A"
"701","2022-07-19","Nell Pates","Boothby","NE","131",4,"Timothy","Phleum_pratense",5,"","minimums.counts.stack","A"
"702","2022-07-19","Nell Pates","Boothby","NE","131",4,"soft brome","Bromus_secalinus",10,"","minimums.counts.stack","A"
"703","2022-07-19","Nell Pates","Boothby","NE","131",4,"Grass - Schedonorus pratensis?","Festuca_rubra",1,"","minimums.counts.stack","A"
"704","2022-07-19","Nell Pates","Boothby","NE","131",4,"Lolium perenne","Lolium_perenne",40,"","minimums.counts.stack","A"
"705","2022-07-19","Nell Pates","Boothby","NE","131",4,"grass tight to stem","Cynosurus_cristatus",2,"","minimums.counts.stack","A"
"706","2022-07-19","Nell Pates","Boothby","NE","131",4,"Agrostis sp","Poa_trivialis",8,"","minimums.counts.stack","A"
"707","2022-07-19","Nell Pates","Boothby","NE","131",4,"trifolium repens","Trifolium_repens",45,"","minimums.counts.stack","A"
"710","2022-07-19","Nell Pates","Boothby","NE","131",4,"Rumex sp","Rumex_crispus",3,"","minimums.counts.stack","A"
"711","2022-07-19","Nell Pates","Boothby","NE","131",4,"barley","Hordeum_distichum",1,"dead","minimums.counts.stack","A"
"712","2022-07-19","Nell Pates","Boothby","NE","133",1,"barley","Hordeum_distichum",65,"","abundance.relocated.shepherdess","A"
"716","2022-07-19","Nell Pates","Boothby","NE","133",2,"barley","Hordeum_distichum",90,"","abundance.relocated.shepherdess","A"
"720","2022-07-19","Nell Pates","Boothby","NE","133",3,"barley","Hordeum_distichum",85,"","abundance.relocated.shepherdess","A"
"723","2022-07-19","Nell Pates","Boothby","NE","133",4,"barley","Hordeum_distichum",85,"","abundance.relocated.shepherdess","A"
"727","2022-07-19","Nell Pates","Boothby","NE","233",1,"barley","Hordeum_distichum",100,"","unlisted.precluded.browser","A"
"729","2022-07-19","Nell Pates","Boothby","NE","233",2,"barley","Hordeum_distichum",100,"","unlisted.precluded.browser","A"
"731","2022-07-19","Nell Pates","Boothby","NE","233",3,"barley","Hordeum_distichum",100,"","unlisted.precluded.browser","A"
"734","2022-07-19","Nell Pates","Boothby","NE","233",4,"barley","Hordeum_distichum",100,"","unlisted.precluded.browser","A"
"736","2022-07-19","Nell Pates","Boothby","NE","322",1,"barley","Hordeum_distichum",100,"","friend.replenish.shackles","A"
"738","2022-07-19","Nell Pates","Boothby","NE","322",1,"galium aparine","Galium_aparine",10,"","friend.replenish.shackles","A"
"740","2022-07-19","Nell Pates","Boothby","NE","322",1,"shoot 1 - serrated leaves, hairy / spiny stem","Urtica_urens",1,"","friend.replenish.shackles","A"
"741","2022-07-19","Nell Pates","Boothby","NE","322",1,"shoot 2 - tiny flowers - forget-me-not","Myosotis_arvensis",1,"","friend.replenish.shackles","A"
"742","2022-07-19","Nell Pates","Boothby","NE","322",2,"barley","Hordeum_distichum",95,"","friend.replenish.shackles","A"
"744","2022-07-19","Nell Pates","Boothby","NE","322",2,"galium aparine","Galium_aparine",5,"","friend.replenish.shackles","A"
"745","2022-07-19","Nell Pates","Boothby","NE","322",2,"shoot - viola arvense?","Viola_arvensis",1,"","friend.replenish.shackles","A"
"746","2022-07-19","Nell Pates","Boothby","NE","322",2,"forget-me-not","Myosotis_arvensis",0.5,"","friend.replenish.shackles","A"
"747","2022-07-19","Nell Pates","Boothby","NE","322",2,"small fluffy leaves","Veronica_chamaedrys",0.5,"","friend.replenish.shackles","A"
"748","2022-07-19","Nell Pates","Boothby","NE","322",3,"barley","Hordeum_distichum",95,"","friend.replenish.shackles","A"
"750","2022-07-19","Nell Pates","Boothby","NE","322",3,"galium aparine","Galium_aparine",3,"","friend.replenish.shackles","A"
"751","2022-07-19","Nell Pates","Boothby","NE","322",3,"forget-me-not","Myosotis_arvensis",2,"","friend.replenish.shackles","A"
"752","2022-07-19","Nell Pates","Boothby","NE","322",3,"daisy - triplo etc?","Tripleurospermum_inodorum",4,"","friend.replenish.shackles","A"
"754","2022-07-19","Nell Pates","Boothby","NE","322",4,"barley","Hordeum_distichum",98,"","friend.replenish.shackles","A"
"757","2022-07-19","Nell Pates","Boothby","NE","322",4,"forget-me-not","Myosotis_arvensis",1,"","friend.replenish.shackles","A"
"758","2022-07-19","Nell Pates","Boothby","NE","322",4,"shoot 1 - serrated leaves, hairy / spiny stem","Urtica_urens",0.1,"","friend.replenish.shackles","A"
"759","2022-07-19","Nell Pates","Boothby","NE","322",4,"v tall grass","Avena_fatua",2,"","friend.replenish.shackles","A"
"760","2022-07-19","Nell Pates","Boothby","NE","321",1,"hawthorn","Crataegus_monogyna",0,"overhang - 50","endings.ferrets.uttering","A"
"762","2022-07-19","Nell Pates","Boothby","NE","321",1,"H lanatus","Holcus_lanatus",25,"","endings.ferrets.uttering","A"
"763","2022-07-19","Nell Pates","Boothby","NE","321",1,"bramble","Rubus_fructicosus",5,"","endings.ferrets.uttering","A"
"765","2022-07-19","Nell Pates","Boothby","NE","321",1,"Rumex sp","Rumex_conglomeratus",8,"","endings.ferrets.uttering","A"
"768","2022-07-19","Nell Pates","Boothby","NE","321",1,"Epilobium sp?","Epilobium_ciliatum",0.1,"","endings.ferrets.uttering","A"
"770","2022-07-19","Nell Pates","Boothby","NE","321",2,"hawthorn","Crataegus_monogyna",0,"overhang - 50","endings.ferrets.uttering","A"
"771","2022-07-19","Nell Pates","Boothby","NE","321",2,"H lanatus","Holcus_lanatus",8,"","endings.ferrets.uttering","A"
"772","2022-07-19","Nell Pates","Boothby","NE","321",2,"bramble","Rubus_fructicosus",4,"","endings.ferrets.uttering","A"
"774","2022-07-19","Nell Pates","Boothby","NE","321",2,"Rumex sp","Rumex_conglomeratus",9,"","endings.ferrets.uttering","A"
"777","2022-07-19","Nell Pates","Boothby","NE","321",2,"sapling","Crataegus_monogyna",1,"","endings.ferrets.uttering","A"
"778","2022-07-19","Nell Pates","Boothby","NE","321",2,"Epilobium sp?","Epilobium_parviflorum",1.5,"","endings.ferrets.uttering","A"
"780","2022-07-19","Nell Pates","Boothby","NE","321",3,"hawthorn","Crataegus_monogyna",0,"overhang - 50","endings.ferrets.uttering","A"
"781","2022-07-19","Nell Pates","Boothby","NE","321",3,"grass 2 - smooth","Festuca_rubra",1,"","endings.ferrets.uttering","A"
"782","2022-07-19","Nell Pates","Boothby","NE","321",3,"H lanatus","Holcus_lanatus",0.5,"","endings.ferrets.uttering","A"
"783","2022-07-19","Nell Pates","Boothby","NE","321",3,"bramble","Rubus_fructicosus",2,"","endings.ferrets.uttering","A"
"785","2022-07-19","Nell Pates","Boothby","NE","321",3,"Rumex sp","Rumex_conglomeratus",4,"","endings.ferrets.uttering","A"
"789","2022-07-19","Nell Pates","Boothby","NE","321",3,"thistle","Cirsium_vulgare",6,"","endings.ferrets.uttering","A"
"790","2022-07-19","Nell Pates","Boothby","NE","321",3,"vetch","Vicia_hirsuta",0.1,"","endings.ferrets.uttering","A"
"791","2022-07-19","Nell Pates","Boothby","NE","321",4,"hawthorn","Crataegus_monogyna",0,"overhang - 50","endings.ferrets.uttering","A"
"792","2022-07-19","Nell Pates","Boothby","NE","321",4,"H lanatus","Holcus_lanatus",3,"","endings.ferrets.uttering","A"
"793","2022-07-19","Nell Pates","Boothby","NE","321",4,"bramble","Rubus_fructicosus",1.5,"","endings.ferrets.uttering","A"
"795","2022-07-19","Nell Pates","Boothby","NE","321",4,"Rumex sp","Rumex_conglomeratus",7,"","endings.ferrets.uttering","A"
"797","2022-07-19","Nell Pates","Boothby","NE","321",4,"thistle","Cirsium_vulgare",3,"","endings.ferrets.uttering","A"
"798","2022-07-19","Nell Pates","Boothby","NE","321",4,"Epilobium sp?","Epilobium_ciliatum",2,"","endings.ferrets.uttering","A"
