Date,Recorder,Block,Plot,Quadrant,Species,Cover,Site,Notes,survey
14/06/2023,Rona Learmonth,NW,333,1,Lolium multiflorum,15,Boothby,,A
14/06/2023,Rona Learmonth,NW,333,1,Vicia faba,20,Boothby,,A
14/06/2023,Rona Learmonth,NW,333,1,Anthriscus sylvestris,2,Boothby,,A
14/06/2023,Rona Learmonth,NW,333,1,Bare ground,65,Boothby,,A
14/06/2023,Megan Sherlock,NW,333,2,Vicia faba,25,Boothby,,A
14/06/2023,Megan Sherlock,NW,333,2,Lolium multiflorum,15,Boothby,,A
14/06/2023,Megan Sherlock,NW,333,2,Phleum pratense,5,Boothby,,A
14/06/2023,Megan Sherlock,NW,333,2,Veronica filiformis,1,Boothby,,A
14/06/2023,Megan Sherlock,NW,333,2,Bare ground,54,Boothby,,A
14/06/2023,Rona Learmonth,NW,333,3,Vicia faba,5,Boothby,,A
14/06/2023,Rona Learmonth,NW,333,3,Lolium multiflorum,20,Boothby,,A
14/06/2023,Rona Learmonth,NW,333,3,Phleum pratense,3,Boothby,,A
14/06/2023,Rona Learmonth,NW,333,3,Bare ground,75,Boothby,,A
14/06/2023,Megan Sherlock,NW,333,4,Vicia faba,60,Boothby,,A
14/06/2023,Megan Sherlock,NW,333,4,Lolium multiflorum,15,Boothby,,A
14/06/2023,Megan Sherlock,NW,333,4,Phleum pratense,5,Boothby,,A
14/06/2023,Megan Sherlock,NW,333,4,Bare ground,20,Boothby,,A
14/06/2023,Megan Sherlock,NW,311,1,Triticum aestivum,50,Boothby,,A
14/06/2023,Megan Sherlock,NW,311,1,Bromus ramosus,10,Boothby,,A
14/06/2023,Megan Sherlock,NW,311,1,Bromus sterilis,7,Boothby,,A
14/06/2023,Megan Sherlock,NW,311,1,Poa pratensis,2,Boothby,,A
14/06/2023,Megan Sherlock,NW,311,1,Bare ground,31,Boothby,,A
14/06/2023,Rona Learmonth,NW,311,2,Bromus sterilis,6,Boothby,,A
14/06/2023,Rona Learmonth,NW,311,2,Bromus ramosus,2,Boothby,,A
14/06/2023,Rona Learmonth,NW,311,2,Triticum aestivum,40,Boothby,,A
14/06/2023,Rona Learmonth,NW,311,2,Bare ground,52,Boothby,,A
14/06/2023,Megan Sherlock,NW,311,3,Triticum aestivum,55,Boothby,,A
14/06/2023,Megan Sherlock,NW,311,3,Bromus ramosus,10,Boothby,,A
14/06/2023,Megan Sherlock,NW,311,3,Bromus sterilis,4,Boothby,,A
14/06/2023,Megan Sherlock,NW,311,3,Bare ground,31,Boothby,,A
14/06/2023,Rona Learmonth,NW,311,4,Triticum aestivum,60,Boothby,,A
14/06/2023,Rona Learmonth,NW,311,4,Bromus ramosus,3,Boothby,,A
14/06/2023,Rona Learmonth,NW,311,4,Bare ground,27,Boothby,,A
14/06/2023,Rona Learmonth,NW,311,4,Bromus sterilis,10,Boothby,,A
14/06/2023,Rona Learmonth,NW,133,1,Salix aurita,40,Boothby,,A
14/06/2023,Rona Learmonth,NW,133,1,Cynosurus cristatus,15,Boothby,,A
14/06/2023,Rona Learmonth,NW,133,1,Pulicaria dysenterica,4,Boothby,,A
14/06/2023,Rona Learmonth,NW,133,1,Leucanthemum vulgare,3,Boothby,,A
14/06/2023,Rona Learmonth,NW,133,1,Vicia tetrasperma,25,Boothby,,A
14/06/2023,Rona Learmonth,NW,133,1,Lotus corniculatus,3,Boothby,,A
14/06/2023,Rona Learmonth,NW,133,1,Torilis japonica,10,Boothby,,A
14/06/2023,Megan Sherlock,NW,133,2,Torilis japonica,15,Boothby,,A
14/06/2023,Megan Sherlock,NW,133,2,Salix aurita,27,Boothby,,A
14/06/2023,Megan Sherlock,NW,133,2,Rubus fruticosus,5,Boothby,,A
14/06/2023,Megan Sherlock,NW,133,2,Cynosurus cristatus,10,Boothby,,A
14/06/2023,Megan Sherlock,NW,133,2,Vicia tetrasperma,25,Boothby,,A
14/06/2023,Megan Sherlock,NW,133,2,Holcus lanatus,1,Boothby,,A
14/06/2023,Megan Sherlock,NW,133,2,Lotus corniculatus,5,Boothby,,A
14/06/2023,Megan Sherlock,NW,133,2,Leucanthemum vulgare,3,Boothby,,A
14/06/2023,Megan Sherlock,NW,133,2,Bare ground,10,Boothby,,A
14/06/2023,Rona Learmonth,NW,133,3,Vicia tetrasperma,28,Boothby,,A
14/06/2023,Rona Learmonth,NW,133,3,Cynosurus cristatus,5,Boothby,,A
14/06/2023,Rona Learmonth,NW,133,3,Salix aurita,25,Boothby,,A
14/06/2023,Rona Learmonth,NW,133,3,Torilis japonica,5,Boothby,,A
14/06/2023,Rona Learmonth,NW,133,3,Poa pratensis,8,Boothby,,A
14/06/2023,Rona Learmonth,NW,133,3,Elymus repens,5,Boothby,,A
14/06/2023,Rona Learmonth,NW,133,3,Bare ground,10,Boothby,,A
14/06/2023,Rona Learmonth,NW,133,3,Geranium dissectum,6,Boothby,,A
14/06/2023,Rona Learmonth,NW,133,3,Phleum pratense,3,Boothby,,A
14/06/2023,Rona Learmonth,NW,133,3,Holcus lanatus,5,Boothby,,A
14/06/2023,Megan Sherlock,NW,133,4,Vicia tetrasperma,20,Boothby,,A
14/06/2023,Megan Sherlock,NW,133,4,Salix aurita,10,Boothby,,A
14/06/2023,Megan Sherlock,NW,133,4,Torilis japonica,20,Boothby,,A
14/06/2023,Megan Sherlock,NW,133,4,Leucanthemum vulgare,4,Boothby,,A
14/06/2023,Megan Sherlock,NW,133,4,Taraxacum officinale,10,Boothby,,A
14/06/2023,Megan Sherlock,NW,133,4,Bromus sterilis,15,Boothby,,A
14/06/2023,Megan Sherlock,NW,133,4,Holcus lanatus,4,Boothby,,A
14/06/2023,Megan Sherlock,NW,133,4,Cynosurus cristatus,7,Boothby,,A
14/06/2023,Megan Sherlock,NW,133,4,Geranium dissectum,4,Boothby,,A
14/06/2023,Megan Sherlock,NW,133,4,Poa annua,3,Boothby,,A
14/06/2023,Megan Sherlock,NW,133,4,Pulicaria dysenterica,3,Boothby,,A
14/06/2023,Megan Sherlock,NW,322,1,Triticum aestivum,100,Boothby,,A
14/06/2023,Rona Learmonth,NW,322,2,Triticum aestivum,100,Boothby,,A
14/06/2023,Megan Sherlock,NW,322,3,Triticum aestivum,100,Boothby,,A
14/06/2023,Rona Learmonth,NW,322,4,Triticum aestivum,100,Boothby,,A
14/06/2023,Rona Learmonth,NW,233,1,Triticum aestivum,100,Boothby,,A
14/06/2023,Megan Sherlock,NW,233,2,Triticum aestivum,100,Boothby,,A
14/06/2023,Rona Learmonth,NW,233,3,Triticum aestivum,90,Boothby,,A
14/06/2023,Rona Learmonth,NW,233,3,Bare ground,10,Boothby,,A
14/06/2023,Megan Sherlock,NW,233,4,Triticum aestivum,100,Boothby,,A
14/06/2023,Megan Sherlock,NW,222,1,Triticum aestivum,100,Boothby,,A
14/06/2023,Rona Learmonth,NW,222,2,Triticum aestivum,100,Boothby,,A
14/06/2023,Megan Sherlock,NW,222,3,Triticum aestivum,100,Boothby,,A
14/06/2023,Rona Learmonth,NW,222,4,Triticum aestivum,100,Boothby,,A
14/06/2023,Rona Learmonth,NW,211,1,Triticum aestivum,100,Boothby,,A
14/06/2023,Megan Sherlock,NW,211,2,Triticum aestivum,100,Boothby,,A
14/06/2023,Rona Learmonth,NW,211,3,Triticum aestivum,100,Boothby,,A
14/06/2023,Megan Sherlock,NW,211,4,Triticum aestivum,100,Boothby,,A
14/06/2023,Megan Sherlock,NW,122,1,Triticum aestivum,100,Boothby,,A
14/06/2023,Rona Learmonth,NW,122,2,Triticum aestivum,90,Boothby,,A
14/06/2023,Rona Learmonth,NW,122,2,Bare ground,10,Boothby,,A
14/06/2023,Megan Sherlock,NW,122,3,Triticum aestivum,90,Boothby,,A
14/06/2023,Megan Sherlock,NW,122,3,Bare ground,10,Boothby,,A
14/06/2023,Rona Learmonth,NW,122,4,Triticum aestivum,65,Boothby,,A
14/06/2023,Rona Learmonth,NW,122,4,Bare ground,35,Boothby,,A
14/06/2023,Rona Learmonth,NW,112,1,Phleum pratense,2,Boothby,,A
14/06/2023,Rona Learmonth,NW,112,1,Triticum aestivum,98,Boothby,,A
14/06/2023,Megan Sherlock,NW,112,2,Bare ground,5,Boothby,,A
14/06/2023,Megan Sherlock,NW,112,2,Phleum pratense,15,Boothby,,A
14/06/2023,Megan Sherlock,NW,112,2,Triticum aestivum,80,Boothby,,A
14/06/2023,Rona Learmonth,NW,112,3,Phleum pratense,18,Boothby,,A
14/06/2023,Rona Learmonth,NW,112,3,Bare ground,10,Boothby,,A
14/06/2023,Rona Learmonth,NW,112,3,Triticum aestivum,72,Boothby,,A
14/06/2023,Megan Sherlock,NW,112,4,Phleum pratense,1,Boothby,,A
14/06/2023,Megan Sherlock,NW,112,4,Triticum aestivum,99,Boothby,,A
14/06/2023,Megan Sherlock,NW,113,1,Phleum pratense,15,Boothby,,A
14/06/2023,Megan Sherlock,NW,113,1,Triticum aestivum,85,Boothby,,A
14/06/2023,Rona Learmonth,NW,113,2,Phleum pratense,20,Boothby,,A
14/06/2023,Rona Learmonth,NW,113,2,Triticum aestivum,80,Boothby,,A
14/06/2023,Megan Sherlock,NW,113,3,Phleum pratense,30,Boothby,,A
14/06/2023,Megan Sherlock,NW,113,3,Triticum aestivum,70,Boothby,,A
14/06/2023,Rona Learmonth,NW,113,4,Phleum pratense,5,Boothby,,A
14/06/2023,Rona Learmonth,NW,113,4,Triticum aestivum,95,Boothby,,A
14/06/2023,Rona Learmonth,NW,111,1,Festuca gigantea,70,Boothby,,A
14/06/2023,Rona Learmonth,NW,111,1,Poa trivialis,6,Boothby,,A
14/06/2023,Rona Learmonth,NW,111,1,Dead wood,10,Boothby,,A
14/06/2023,Rona Learmonth,NW,111,1,Glechoma hederacea,4,Boothby,,A
14/06/2023,Rona Learmonth,NW,111,1,Bare ground,10,Boothby,,A
14/06/2023,Megan Sherlock,NW,111,2,Festuca gigantea,85,Boothby,,A
14/06/2023,Megan Sherlock,NW,111,2,Dead wood,10,Boothby,,A
14/06/2023,Megan Sherlock,NW,111,2,Poa trivialis,5,Boothby,,A
14/06/2023,Rona Learmonth,NW,111,3,Festuca gigantea,50,Boothby,,A
14/06/2023,Rona Learmonth,NW,111,3,Poa trivialis,15,Boothby,,A
14/06/2023,Rona Learmonth,NW,111,3,Glechoma hederacea,25,Boothby,,A
14/06/2023,Rona Learmonth,NW,111,3,Mercurialis perennis,10,Boothby,,A
14/06/2023,Megan Sherlock,NW,111,4,Festuca gigantea,70,Boothby,,A
14/06/2023,Megan Sherlock,NW,111,4,Glechoma hederacea,10,Boothby,,A
14/06/2023,Megan Sherlock,NW,111,4,Prunus spinosa,5,Boothby,,A
14/06/2023,Megan Sherlock,NW,111,4,Bare ground,15,Boothby,,A
15/06/2023,Rona Learmonth,S,111,1,Vicia faba,90,Boothby,,A
15/06/2023,Rona Learmonth,S,111,1,Phleum pratense,3,Boothby,,A
15/06/2023,Rona Learmonth,S,111,1,Bare ground,7,Boothby,,A
15/06/2023,Megan Sherlock,S,111,2,Vicia faba,90,Boothby,,A
15/06/2023,Megan Sherlock,S,111,2,Bare ground,10,Boothby,,A
15/06/2023,Rona Learmonth,S,111,3,Vicia faba,70,Boothby,,A
15/06/2023,Rona Learmonth,S,111,3,Bare ground,30,Boothby,,A
15/06/2023,Megan Sherlock,S,111,4,Vicia faba,60,Boothby,,A
15/06/2023,Megan Sherlock,S,111,4,Bare ground,40,Boothby,,A
15/06/2023,Rona Learmonth,S,131,1,Pulicaria dysenterica,3,Boothby,,A
15/06/2023,Rona Learmonth,S,131,1,Taraxacum officinale,4,Boothby,,A
15/06/2023,Rona Learmonth,S,131,1,Geranium rotundifolium,4,Boothby,,A
15/06/2023,Rona Learmonth,S,131,1,Atriplex patula,2,Boothby,,A
15/06/2023,Rona Learmonth,S,131,1,Vicia faba,70,Boothby,,A
15/06/2023,Rona Learmonth,S,131,1,Bare ground,17,Boothby,,A
15/06/2023,Megan Sherlock,S,131,2,Matricaria chamomilla,4,Boothby,,A
15/06/2023,Megan Sherlock,S,131,2,Bare ground,5,Boothby,,A
15/06/2023,Megan Sherlock,S,131,2,Vicia faba,91,Boothby,,A
15/06/2023,Rona Learmonth,S,131,3,Vicia faba,60,Boothby,,A
15/06/2023,Rona Learmonth,S,131,3,Pulicaria dysenterica,3,Boothby,,A
15/06/2023,Rona Learmonth,S,131,3,Primula veris,1,Boothby,,A
15/06/2023,Rona Learmonth,S,131,3,Matricaria chamomilla,1,Boothby,,A
15/06/2023,Rona Learmonth,S,131,3,Bare ground,35,Boothby,,A
15/06/2023,Megan Sherlock,S,131,4,Atriplex patula,1,Boothby,,A
15/06/2023,Megan Sherlock,S,131,4,Matricaria discoidea,1,Boothby,,A
15/06/2023,Megan Sherlock,S,131,4,Vicia faba,66,Boothby,,A
15/06/2023,Megan Sherlock,S,131,4,Bare ground,30,Boothby,,A
15/06/2023,Megan Sherlock,S,131,4,Matricaria chamomilla,2,Boothby,,A
15/06/2023,Rona Learmonth,S,132,1,Triticum aestivum,8,Boothby,,A
15/06/2023,Rona Learmonth,S,132,1,Lolium multiflorum,1,Boothby,,A
15/06/2023,Rona Learmonth,S,132,1,Matricaria discoidea,1,Boothby,,A
15/06/2023,Rona Learmonth,S,132,1,Bare ground,87,Boothby,,A
15/06/2023,Rona Learmonth,S,132,1,Epilobium parviflorum,3,Boothby,,A
15/06/2023,Megan Sherlock,S,132,2,Triticum aestivum,10,Boothby,,A
15/06/2023,Megan Sherlock,S,132,2,Matricaria discoidea,2,Boothby,,A
15/06/2023,Megan Sherlock,S,132,2,Epilobium parviflorum,8,Boothby,,A
15/06/2023,Megan Sherlock,S,132,2,Bare ground,80,Boothby,,A
15/06/2023,Rona Learmonth,S,132,3,Sonchus arvensis,4,Boothby,,A
15/06/2023,Rona Learmonth,S,132,3,Matricaria discoidea,5,Boothby,,A
15/06/2023,Rona Learmonth,S,132,3,Epilobium parviflorum,4,Boothby,,A
15/06/2023,Rona Learmonth,S,132,3,Triticum aestivum,18,Boothby,,A
15/06/2023,Rona Learmonth,S,132,3,Bare ground,70,Boothby,,A
15/06/2023,Megan Sherlock,S,132,4,Triticum aestivum,7,Boothby,,A
15/06/2023,Megan Sherlock,S,132,4,Epilobium parviflorum,4,Boothby,,A
15/06/2023,Megan Sherlock,S,132,4,Epilobium angustifolium,2,Boothby,,A
15/06/2023,Megan Sherlock,S,132,4,Poa trivialis,2,Boothby,,A
15/06/2023,Megan Sherlock,S,132,4,Bare ground,85,Boothby,,A
15/06/2023,Rona Learmonth,S,133,1,Heracleum mantegazzianum,30,Boothby,,A
15/06/2023,Rona Learmonth,S,133,1,Urtica dioica,45,Boothby,,A
15/06/2023,Rona Learmonth,S,133,1,Elymus repens,15,Boothby,,A
15/06/2023,Rona Learmonth,S,133,1,Rumex crispus,10,Boothby,,A
15/06/2023,Rona Learmonth,S,133,1,Poa trivialis,5,Boothby,,A
15/06/2023,Megan Sherlock,S,133,2,Anthriscus sylvestris,70,Boothby,,A
15/06/2023,Megan Sherlock,S,133,2,Rumex crispus,10,Boothby,,A
15/06/2023,Megan Sherlock,S,133,2,Elymus repens,5,Boothby,,A
15/06/2023,Megan Sherlock,S,133,2,Heracleum mantegazzianum,10,Boothby,,A
15/06/2023,Megan Sherlock,S,133,2,Arrhenatherum elatius,10,Boothby,,A
15/06/2023,Megan Sherlock,S,133,2,Glechoma hederacea,2,Boothby,,A
15/06/2023,Megan Sherlock,S,133,2,Sonchus arvensis,5,Boothby,,A
15/06/2023,Megan Sherlock,S,133,2,Urtica dioica,2,Boothby,,A
15/06/2023,Rona Learmonth,S,133,3,Heracleum mantegazzianum,50,Boothby,,A
15/06/2023,Rona Learmonth,S,133,3,Sonchus arvensis,5,Boothby,,A
15/06/2023,Rona Learmonth,S,133,3,Anthriscus sylvestris,10,Boothby,,A
15/06/2023,Rona Learmonth,S,133,3,Elymus repens,15,Boothby,,A
15/06/2023,Rona Learmonth,S,133,3,Urtica dioica,15,Boothby,,A
15/06/2023,Rona Learmonth,S,133,3,Deschampsia cespitosa,5,Boothby,,A
15/06/2023,Megan Sherlock,S,133,4,Sonchus arvensis,11,Boothby,,A
15/06/2023,Megan Sherlock,S,133,4,Rumex crispus,15,Boothby,,A
15/06/2023,Megan Sherlock,S,133,4,Heracleum mantegazzianum,15,Boothby,,A
15/06/2023,Megan Sherlock,S,133,4,Elymus repens,40,Boothby,,A
15/06/2023,Megan Sherlock,S,133,4,Deschampsia cespitosa,2,Boothby,,A
15/06/2023,Megan Sherlock,S,133,4,Anthriscus sylvestris,15,Boothby,,A
15/06/2023,Rona Learmonth,S,311,1,Epilobium ciliatum,2,Boothby,,A
15/06/2023,Rona Learmonth,S,311,1,Matricaria discoidea,4,Boothby,,A
15/06/2023,Rona Learmonth,S,311,1,Dead twigs,50,Boothby,,A
15/06/2023,Rona Learmonth,S,311,1,Bare ground,44,Boothby,,A
15/06/2023,Megan Sherlock,S,311,2,Epilobium ciliatum,2,Boothby,,A
15/06/2023,Megan Sherlock,S,311,2,Hypericum perforatum,1,Boothby,,A
15/06/2023,Megan Sherlock,S,311,2,Dead twigs,60,Boothby,,A
15/06/2023,Megan Sherlock,S,311,2,Bare ground,40,Boothby,,A
15/06/2023,Rona Learmonth,S,311,3,Hypericum perforatum,1,Boothby,,A
15/06/2023,Rona Learmonth,S,311,3,Matricaria discoidea,20,Boothby,,A
15/06/2023,Rona Learmonth,S,311,3,Bare ground,9,Boothby,,A
15/06/2023,Rona Learmonth,S,311,3,Dead twigs,70,Boothby,,A
15/06/2023,Megan Sherlock,S,311,4,Matricaria discoidea,8,Boothby,,A
15/06/2023,Megan Sherlock,S,311,4,Bare ground,25,Boothby,,A
15/06/2023,Megan Sherlock,S,311,4,Dead twigs,67,Boothby,,A
15/06/2023,Rona Learmonth,S,313,1,Dead twigs,50,Boothby,,A
15/06/2023,Rona Learmonth,S,313,1,Bare ground,50,Boothby,,A
15/06/2023,Rona Learmonth,S,313,2,Dead twigs,60,Boothby,,A
15/06/2023,Rona Learmonth,S,313,2,Bare ground,40,Boothby,,A
15/06/2023,Rona Learmonth,S,313,3,Dead twigs,20,Boothby,,A
15/06/2023,Rona Learmonth,S,313,3,Bare ground,80,Boothby,,A
15/06/2023,Rona Learmonth,S,313,4,Dead twigs,60,Boothby,,A
15/06/2023,Rona Learmonth,S,313,4,Bare ground,40,Boothby,,A
15/06/2023,Rona Learmonth,S,321,1,Bromus sterilis,70,Boothby,,A
15/06/2023,Rona Learmonth,S,321,1,Urtica dioica,10,Boothby,,A
15/06/2023,Rona Learmonth,S,321,1,Galium aparine,10,Boothby,,A
15/06/2023,Rona Learmonth,S,321,1,Bare ground,10,Boothby,,A
15/06/2023,Megan Sherlock,S,321,2,Bromus sterilis,45,Boothby,,A
15/06/2023,Megan Sherlock,S,321,2,Urtica dioica,35,Boothby,,A
15/06/2023,Megan Sherlock,S,321,2,Galium aparine,10,Boothby,,A
15/06/2023,Megan Sherlock,S,321,2,Bare ground,10,Boothby,,A
15/06/2023,Rona Learmonth,S,321,3,Bromus sterilis,9,Boothby,,A
15/06/2023,Rona Learmonth,S,321,3,Galium aparine,10,Boothby,,A
15/06/2023,Megan Sherlock,S,321,4,Urtica dioica,50,Boothby,,A
15/06/2023,Megan Sherlock,S,321,4,Bromus sterilis,50,Boothby,,A
15/06/2023,Megan Sherlock,S,321,4,Galium aparine,2,Boothby,,A
15/06/2023,Megan Sherlock,S,233,1,Alopecurus pratensis,1,Boothby,,A
15/06/2023,Megan Sherlock,S,233,1,Bromus sterilis,50,Boothby,,A
15/06/2023,Megan Sherlock,S,233,1,Galium aparine,1,Boothby,,A
15/06/2023,Megan Sherlock,S,233,1,Salix aurita,8,Boothby,,A
15/06/2023,Megan Sherlock,S,233,1,Anthriscus sylvestris,5,Boothby,,A
15/06/2023,Megan Sherlock,S,233,1,Elymus repens,25,Boothby,,A
15/06/2023,Megan Sherlock,S,233,1,Deschampsia cespitosa,1,Boothby,,A
15/06/2023,Megan Sherlock,S,233,1,Bare ground,10,Boothby,,A
15/06/2023,Rona Learmonth,S,233,2,Salix aurita,40,Boothby,,A
15/06/2023,Rona Learmonth,S,233,2,Cynosurus cristatus,20,Boothby,,A
15/06/2023,Rona Learmonth,S,233,2,Anthriscus sylvestris,5,Boothby,,A
15/06/2023,Rona Learmonth,S,233,2,Hordeum murinum,2,Boothby,,A
15/06/2023,Rona Learmonth,S,233,2,Alopecurus pratensis,2,Boothby,,A
15/06/2023,Rona Learmonth,S,233,2,Deschampsia cespitosa,5,Boothby,,A
15/06/2023,Rona Learmonth,S,233,2,Bromus sterilis,25,Boothby,,A
15/06/2023,Megan Sherlock,S,233,3,Salix aurita,40,Boothby,,A
15/06/2023,Megan Sherlock,S,233,3,Bromus sterilis,40,Boothby,,A
15/06/2023,Megan Sherlock,S,233,3,Alopecurus pratensis,1,Boothby,,A
15/06/2023,Megan Sherlock,S,233,3,Deschampsia flexuosa,1,Boothby,,A
15/06/2023,Megan Sherlock,S,233,3,Deschampsia cespitosa,1,Boothby,,A
15/06/2023,Megan Sherlock,S,233,3,Anthriscus sylvestris,2,Boothby,,A
15/06/2023,Megan Sherlock,S,233,3,Bare ground,10,Boothby,,A
15/06/2023,Megan Sherlock,S,233,3,Rumex acetosa,5,Boothby,,A
15/06/2023,Rona Learmonth,S,233,4,Rumex acetosa,13,Boothby,,A
15/06/2023,Rona Learmonth,S,233,4,Bromus sterilis,55,Boothby,,A
15/06/2023,Rona Learmonth,S,233,4,Hordeum murinum,4,Boothby,,A
15/06/2023,Rona Learmonth,S,233,4,Anthriscus sylvestris,8,Boothby,,A
15/06/2023,Rona Learmonth,S,233,4,Deschampsia cespitosa,5,Boothby,,A
15/06/2023,Rona Learmonth,S,233,4,Bare ground,15,Boothby,,A
15/06/2023,Rona Learmonth,S,211,1,Triticum aestivum,10,Boothby,,A
15/06/2023,Rona Learmonth,S,211,1,Bromus hordeaceus,40,Boothby,,A
15/06/2023,Rona Learmonth,S,211,1,Deschampsia cespitosa,5,Boothby,,A
15/06/2023,Rona Learmonth,S,211,1,Bare ground,43,Boothby,,A
15/06/2023,Rona Learmonth,S,211,1,Taraxacum officinale,2,Boothby,,A
15/06/2023,Megan Sherlock,S,211,2,Triticum aestivum,20,Boothby,,A
15/06/2023,Megan Sherlock,S,211,2,Bromus hordeaceus,25,Boothby,,A
15/06/2023,Megan Sherlock,S,211,2,Arrhenatherum elatius,20,Boothby,,A
15/06/2023,Megan Sherlock,S,211,2,Anthriscus sylvestris,3,Boothby,,A
15/06/2023,Megan Sherlock,S,211,2,Bare ground,27,Boothby,,A
15/06/2023,Megan Sherlock,S,211,2,Elymus repens,5,Boothby,,A
15/06/2023,Rona Learmonth,S,211,3,Bromus hordeaceus,25,Boothby,,A
15/06/2023,Rona Learmonth,S,211,3,Triticum aestivum,20,Boothby,,A
15/06/2023,Rona Learmonth,S,211,3,Arrhenatherum elatius,5,Boothby,,A
15/06/2023,Rona Learmonth,S,211,3,Bare ground,50,Boothby,,A
15/06/2023,Rona Learmonth,S,211,4,Triticum aestivum,10,Boothby,,A
15/06/2023,Rona Learmonth,S,211,4,Bromus hordeaceus,30,Boothby,,A
15/06/2023,Rona Learmonth,S,211,4,Arrhenatherum elatius,35,Boothby,,A
15/06/2023,Rona Learmonth,S,211,4,Bare ground,25,Boothby,,A
15/06/2023,Rona Learmonth,S,211,4,Lotus corniculatus,1,Boothby,,A
15/06/2023,Megan Sherlock,S,213,1,Triticum aestivum,30,Boothby,,A
15/06/2023,Megan Sherlock,S,213,1,Bare ground,70,Boothby,,A
15/06/2023,Rona Learmonth,S,213,2,Triticum aestivum,15,Boothby,,A
15/06/2023,Rona Learmonth,S,213,2,Bare ground,85,Boothby,,A
15/06/2023,Megan Sherlock,S,213,3,Triticum aestivum,25,Boothby,,A
15/06/2023,Megan Sherlock,S,213,3,Bare ground,75,Boothby,,A
15/06/2023,Rona Learmonth,S,213,4,Triticum aestivum,25,Boothby,,A
15/06/2023,Rona Learmonth,S,213,4,Bare ground,75,Boothby,,A
15/06/2023,Rona Learmonth,S,222,1,Triticum aestivum,100,Boothby,,A
15/06/2023,Rona Learmonth,S,222,2,Triticum aestivum,100,Boothby,,A
15/06/2023,Rona Learmonth,S,222,3,Triticum aestivum,100,Boothby,,A
15/06/2023,Rona Learmonth,S,222,4,Triticum aestivum,100,Boothby,,A
15/06/2023,Megan Sherlock,S,122,1,Vicia faba,100,Boothby,,A
15/06/2023,Rona Learmonth,S,122,2,Vicia faba,80,Boothby,,A
15/06/2023,Rona Learmonth,S,122,2,Brassica napus,10,Boothby,,A
15/06/2023,Rona Learmonth,S,122,2,Bare ground,10,Boothby,,A
15/06/2023,Megan Sherlock,S,122,3,Vicia faba,80,Boothby,,A
15/06/2023,Megan Sherlock,S,122,3,Brassica napus,15,Boothby,,A
15/06/2023,Megan Sherlock,S,122,3,Matricaria chamomilla,5,Boothby,,A
15/06/2023,Rona Learmonth,S,122,4,Vicia faba,70,Boothby,,A
15/06/2023,Rona Learmonth,S,122,4,Brassica napus,25,Boothby,,A
15/06/2023,Rona Learmonth,S,122,4,Bare ground,5,Boothby,,A
15/06/2023,Rona Learmonth,C,333,1,Triticum aestivum,6,Boothby,,A
15/06/2023,Rona Learmonth,C,333,1,Lolium multiflorum,7,Boothby,,A
15/06/2023,Rona Learmonth,C,333,1,Pulicaria dysenterica,1,Boothby,,A
15/06/2023,Rona Learmonth,C,333,1,Bare ground,86,Boothby,,A
15/06/2023,Megan Sherlock,C,333,2,Triticum aestivum,15,Boothby,,A
15/06/2023,Megan Sherlock,C,333,2,Lolium multiflorum,35,Boothby,,A
15/06/2023,Megan Sherlock,C,333,2,Bare ground,50,Boothby,,A
15/06/2023,Rona Learmonth,C,333,3,Triticum aestivum,10,Boothby,,A
15/06/2023,Rona Learmonth,C,333,3,Helminthotheca echioides,0.2,Boothby,,A
15/06/2023,Rona Learmonth,C,333,3,Bare ground,90,Boothby,,A
15/06/2023,Megan Sherlock,C,333,4,Triticum aestivum,15,Boothby,,A
15/06/2023,Megan Sherlock,C,333,4,Lolium multiflorum,10,Boothby,,A
15/06/2023,Megan Sherlock,C,333,4,Bare ground,75,Boothby,,A
15/06/2023,Megan Sherlock,C,322,1,Matricaria chamomilla,15,Boothby,,A
15/06/2023,Megan Sherlock,C,322,1,Vicia faba,15,Boothby,,A
15/06/2023,Megan Sherlock,C,322,1,Capsella bursa-pastoris,8,Boothby,,A
15/06/2023,Megan Sherlock,C,322,1,Taraxacum officinale,2,Boothby,,A
15/06/2023,Megan Sherlock,C,322,1,Epilobium parviflorum,1,Boothby,,A
15/06/2023,Megan Sherlock,C,322,1,Bare ground,59,Boothby,,A
15/06/2023,Rona Learmonth,C,322,2,Vicia faba,40,Boothby,,A
15/06/2023,Rona Learmonth,C,322,2,Matricaria chamomilla,16,Boothby,,A
15/06/2023,Rona Learmonth,C,322,2,Anthriscus sylvestris,1,Boothby,,A
15/06/2023,Rona Learmonth,C,322,2,Bare ground,43,Boothby,,A
15/06/2023,Megan Sherlock,C,322,3,Vicia faba,10,Boothby,,A
15/06/2023,Megan Sherlock,C,322,3,Matricaria chamomilla,75,Boothby,,A
15/06/2023,Megan Sherlock,C,322,3,Capsella bursa-pastoris,5,Boothby,,A
15/06/2023,Megan Sherlock,C,322,3,Bare ground,10,Boothby,,A
15/06/2023,Rona Learmonth,C,322,4,Matricaria chamomilla,20,Boothby,,A
15/06/2023,Rona Learmonth,C,322,4,Capsella bursa-pastoris,12,Boothby,,A
15/06/2023,Rona Learmonth,C,322,4,Epilobium angustifolium,2,Boothby,,A
15/06/2023,Rona Learmonth,C,322,4,Vicia faba,20,Boothby,,A
15/06/2023,Rona Learmonth,C,322,4,Bare ground,46,Boothby,,A
15/06/2023,Rona Learmonth,C,0,1,Triticum aestivum,1,Boothby,,A
15/06/2023,Rona Learmonth,C,0,1,Hordeum vulgare,99,Boothby,,A
15/06/2023,Rona Learmonth,C,0,2,Hordeum vulgare,80,Boothby,,A
15/06/2023,Rona Learmonth,C,0,2,Bare ground,20,Boothby,,A
15/06/2023,Rona Learmonth,C,0,3,Hordeum vulgare,80,Boothby,,A
15/06/2023,Rona Learmonth,C,0,3,Bare ground,20,Boothby,,A
15/06/2023,Rona Learmonth,C,0,4,Hordeum vulgare,80,Boothby,,A
15/06/2023,Rona Learmonth,C,0,4,Bare ground,20,Boothby,,A
15/06/2023,Rona Learmonth,C,112,1,Vicia faba,25,Boothby,,A
15/06/2023,Rona Learmonth,C,112,1,Matricaria discoidea,40,Boothby,,A
15/06/2023,Rona Learmonth,C,112,1,Centaurea nigra,6,Boothby,,A
15/06/2023,Rona Learmonth,C,112,1,Bare ground,30,Boothby,,A
15/06/2023,Megan Sherlock,C,112,2,Matricaria discoidea,40,Boothby,,A
15/06/2023,Megan Sherlock,C,112,2,Bare ground,60,Boothby,,A
15/06/2023,Rona Learmonth,C,112,3,Matricaria discoidea,25,Boothby,,A
15/06/2023,Rona Learmonth,C,112,3,Bromus hordeaceus,5,Boothby,,A
15/06/2023,Rona Learmonth,C,112,3,Epilobium parviflorum,4,Boothby,,A
15/06/2023,Rona Learmonth,C,112,3,Bare ground,66,Boothby,,A
15/06/2023,Megan Sherlock,C,112,4,Vicia faba,10,Boothby,,A
15/06/2023,Megan Sherlock,C,112,4,Matricaria discoidea,30,Boothby,,A
15/06/2023,Megan Sherlock,C,112,4,Sonchus arvensis,3,Boothby,,A
15/06/2023,Megan Sherlock,C,112,4,Bare ground,57,Boothby,,A
15/06/2023,Megan Sherlock,C,111,1,Vicia faba,10,Boothby,,A
15/06/2023,Megan Sherlock,C,111,1,Matricaria discoidea,20,Boothby,,A
15/06/2023,Megan Sherlock,C,111,1,Atriplex patula,4,Boothby,,A
15/06/2023,Megan Sherlock,C,111,1,Bare ground,66,Boothby,,A
15/06/2023,Rona Learmonth,C,111,2,Vicia faba,15,Boothby,,A
15/06/2023,Rona Learmonth,C,111,2,Triticum aestivum,4,Boothby,,A
15/06/2023,Rona Learmonth,C,111,2,Matricaria discoidea,5,Boothby,,A
15/06/2023,Rona Learmonth,C,111,2,Atriplex patula,7,Boothby,,A
15/06/2023,Rona Learmonth,C,111,2,Bare ground,70,Boothby,,A
15/06/2023,Megan Sherlock,C,111,3,Veronica chamaedrys,3,Boothby,,A
15/06/2023,Megan Sherlock,C,111,3,Matricaria discoidea,5,Boothby,,A
15/06/2023,Megan Sherlock,C,111,3,Vicia faba,2,Boothby,,A
15/06/2023,Megan Sherlock,C,111,3,Epilobium angustifolium,1,Boothby,,A
15/06/2023,Megan Sherlock,C,111,3,Bare ground,89,Boothby,,A
15/06/2023,Rona Learmonth,C,111,4,Vicia faba,25,Boothby,,A
15/06/2023,Rona Learmonth,C,111,4,Matricaria discoidea,2,Boothby,,A
15/06/2023,Rona Learmonth,C,111,4,Atriplex patula,8,Boothby,,A
15/06/2023,Rona Learmonth,C,111,4,Bare ground,66,Boothby,,A
15/06/2023,Rona Learmonth,C,113,1,Triticum aestivum,100,Boothby,,A
15/06/2023,Rona Learmonth,C,113,2,Triticum aestivum,100,Boothby,,A
15/06/2023,Rona Learmonth,C,113,3,Triticum aestivum,100,Boothby,,A
15/06/2023,Rona Learmonth,C,113,4,Triticum aestivum,100,Boothby,,A
15/06/2023,Megan Sherlock,C,133,1,Triticum aestivum,100,Boothby,,A
15/06/2023,Megan Sherlock,C,133,2,Triticum aestivum,100,Boothby,,A
15/06/2023,Megan Sherlock,C,133,3,Triticum aestivum,100,Boothby,,A
15/06/2023,Megan Sherlock,C,133,4,Triticum aestivum,100,Boothby,,A
15/06/2023,Rona Learmonth,C,213,1,Hordeum vulgare,100,Boothby,,A
15/06/2023,Rona Learmonth,C,213,2,Hordeum vulgare,100,Boothby,,A
15/06/2023,Rona Learmonth,C,213,3,Hordeum vulgare,100,Boothby,,A
15/06/2023,Rona Learmonth,C,213,4,Hordeum vulgare,100,Boothby,,A
16/06/2023,Rona Learmonth,NE,111,1,Juncus effusus,35,Boothby,,A
16/06/2023,Rona Learmonth,NE,111,1,Holcus lanatus,50,Boothby,,A
16/06/2023,Rona Learmonth,NE,111,1,Lotus corniculatus,6,Boothby,,A
16/06/2023,Rona Learmonth,NE,111,1,Geranium dissectum,4,Boothby,,A
16/06/2023,Rona Learmonth,NE,111,1,Ranunculus repens,5,Boothby,,A
16/06/2023,Rona Learmonth,NE,111,1,Vicia sativa,2,Boothby,,A
16/06/2023,Megan Sherlock,NE,111,2,Juncus effusus,40,Boothby,,A
16/06/2023,Megan Sherlock,NE,111,2,Holcus lanatus,40,Boothby,,A
16/06/2023,Megan Sherlock,NE,111,2,Phragmites australis,8,Boothby,,A
16/06/2023,Megan Sherlock,NE,111,2,Lotus corniculatus,7,Boothby,,A
16/06/2023,Megan Sherlock,NE,111,2,Cirsium arvense,5,Boothby,,A
16/06/2023,Rona Learmonth,NE,111,3,Juncus effusus,4,Boothby,,A
16/06/2023,Rona Learmonth,NE,111,3,Holcus lanatus,65,Boothby,,A
16/06/2023,Rona Learmonth,NE,111,3,Lotus corniculatus,8,Boothby,,A
16/06/2023,Rona Learmonth,NE,111,3,Geranium dissectum,3,Boothby,,A
16/06/2023,Rona Learmonth,NE,111,3,Bare ground,20,Boothby,,A
16/06/2023,Megan Sherlock,NE,111,4,Holcus lanatus,35,Boothby,,A
16/06/2023,Megan Sherlock,NE,111,4,Juncus effusus,25,Boothby,,A
16/06/2023,Megan Sherlock,NE,111,4,Phragmites australis,4,Boothby,,A
16/06/2023,Megan Sherlock,NE,111,4,Poa pratensis,1,Boothby,,A
16/06/2023,Megan Sherlock,NE,111,4,Cirsium arvense,5,Boothby,,A
16/06/2023,Megan Sherlock,NE,111,4,Lotus corniculatus,10,Boothby,,A
16/06/2023,Megan Sherlock,NE,111,4,Geranium dissectum,5,Boothby,,A
16/06/2023,Megan Sherlock,NE,111,4,Bare ground,15,Boothby,,A
16/06/2023,Megan Sherlock,NE,112,1,Leucanthemum vulgare,60,Boothby,,A
16/06/2023,Megan Sherlock,NE,112,1,Dactylis glomerata,5,Boothby,,A
16/06/2023,Megan Sherlock,NE,112,1,Phleum pratense,2,Boothby,,A
16/06/2023,Megan Sherlock,NE,112,1,Geranium dissectum,10,Boothby,,A
16/06/2023,Megan Sherlock,NE,112,1,Poa trivialis,8,Boothby,,A
16/06/2023,Megan Sherlock,NE,112,1,Vicia sativa,5,Boothby,,A
16/06/2023,Megan Sherlock,NE,112,1,Bare ground,10,Boothby,,A
16/06/2023,Rona Learmonth,NE,112,2,Leucanthemum vulgare,55,Boothby,,A
16/06/2023,Rona Learmonth,NE,112,2,Vicia sativa,15,Boothby,,A
16/06/2023,Rona Learmonth,NE,112,2,Geranium dissectum,10,Boothby,,A
16/06/2023,Rona Learmonth,NE,112,2,Holcus lanatus,4,Boothby,,A
16/06/2023,Rona Learmonth,NE,112,2,Deschampsia cespitosa,2,Boothby,,A
16/06/2023,Rona Learmonth,NE,112,2,Bromus hordeaceus,2,Boothby,,A
16/06/2023,Rona Learmonth,NE,112,2,Cirsium vulgare,5,Boothby,,A
16/06/2023,Rona Learmonth,NE,112,2,Bare ground,5,Boothby,,A
16/06/2023,Rona Learmonth,NE,112,2,Crepis capillaris,2,Boothby,,A
16/06/2023,Megan Sherlock,NE,112,3,Leucanthemum vulgare,40,Boothby,,A
16/06/2023,Megan Sherlock,NE,112,3,Phleum pratense,10,Boothby,,A
16/06/2023,Megan Sherlock,NE,112,3,Dactylis glomerata,8,Boothby,,A
16/06/2023,Megan Sherlock,NE,112,3,Holcus lanatus,7,Boothby,,A
16/06/2023,Megan Sherlock,NE,112,3,Geranium dissectum,10,Boothby,,A
16/06/2023,Megan Sherlock,NE,112,3,Vicia sativa,3,Boothby,,A
16/06/2023,Megan Sherlock,NE,112,3,Cynosurus cristatus,1,Boothby,,A
16/06/2023,Megan Sherlock,NE,112,3,Deschampsia flexuosa,10,Boothby,,A
16/06/2023,Megan Sherlock,NE,112,3,Fraxinus excelsior,3,Boothby,,A
16/06/2023,Megan Sherlock,NE,112,3,Bare ground,10,Boothby,,A
16/06/2023,Rona Learmonth,NE,112,4,Leucanthemum vulgare,8,Boothby,,A
16/06/2023,Rona Learmonth,NE,112,4,Dactylis glomerata,1,Boothby,,A
16/06/2023,Rona Learmonth,NE,112,4,Phleum pratense,8,Boothby,,A
16/06/2023,Rona Learmonth,NE,112,4,Lolium multiflorum,6,Boothby,,A
16/06/2023,Rona Learmonth,NE,112,4,Bare ground,37,Boothby,,A
16/06/2023,Rona Learmonth,NE,112,4,Vicia sativa,10,Boothby,,A
16/06/2023,Rona Learmonth,NE,112,4,Geranium dissectum,6,Boothby,,A
16/06/2023,Rona Learmonth,NE,112,4,Cynosurus cristatus,3,Boothby,,A
16/06/2023,Rona Learmonth,NE,112,4,Crepis capillaris,5,Boothby,,A
16/06/2023,Rona Learmonth,NE,112,4,Anthriscus sylvestris,3,Boothby,,A
16/06/2023,Rona Learmonth,NE,112,4,Lotus corniculatus,3,Boothby,,A
16/06/2023,Rona Learmonth,NE,112,4,Poa pratensis,4,Boothby,,A
16/06/2023,Rona Learmonth,NE,112,4,Cirsium arvense,4,Boothby,,A
16/06/2023,Rona Learmonth,NE,112,4,Deschampsia flexuosa,2,Boothby,,A
16/06/2023,Rona Learmonth,NE,113,1,Matricaria chamomilla,12,Boothby,,A
16/06/2023,Rona Learmonth,NE,113,1,Lolium multiflorum,10,Boothby,,A
16/06/2023,Rona Learmonth,NE,113,1,Geranium dissectum,3,Boothby,,A
16/06/2023,Rona Learmonth,NE,113,1,Poa trivialis,3,Boothby,,A
16/06/2023,Rona Learmonth,NE,113,1,Poa annua,2,Boothby,,A
16/06/2023,Rona Learmonth,NE,113,1,Bare ground,70,Boothby,,A
16/06/2023,Megan Sherlock,NE,113,2,Matricaria chamomilla,30,Boothby,,A
16/06/2023,Megan Sherlock,NE,113,2,Cirsium arvense,4,Boothby,,A
16/06/2023,Megan Sherlock,NE,113,2,Lolium multiflorum,7,Boothby,,A
16/06/2023,Megan Sherlock,NE,113,2,Deschampsia flexuosa,5,Boothby,,A
16/06/2023,Megan Sherlock,NE,113,2,Lotus corniculatus,1,Boothby,,A
16/06/2023,Megan Sherlock,NE,113,2,Bare ground,53,Boothby,,A
16/06/2023,Rona Learmonth,NE,113,3,Cirsium vulgare,15,Boothby,,A
16/06/2023,Rona Learmonth,NE,113,3,Matricaria chamomilla,10,Boothby,,A
16/06/2023,Rona Learmonth,NE,113,3,Stellaria media,4,Boothby,,A
16/06/2023,Rona Learmonth,NE,113,3,Bromus sterilis,6,Boothby,,A
16/06/2023,Rona Learmonth,NE,113,3,Poa annua,1,Boothby,,A
16/06/2023,Rona Learmonth,NE,113,3,Deschampsia flexuosa,1,Boothby,,A
16/06/2023,Rona Learmonth,NE,113,3,Bare ground,63,Boothby,,A
16/06/2023,Megan Sherlock,NE,113,4,Matricaria chamomilla,20,Boothby,,A
16/06/2023,Megan Sherlock,NE,113,4,Lolium multiflorum,17,Boothby,,A
16/06/2023,Megan Sherlock,NE,113,4,Geranium dissectum,3,Boothby,,A
16/06/2023,Megan Sherlock,NE,113,4,Lotus corniculatus,8,Boothby,,A
16/06/2023,Megan Sherlock,NE,113,4,Prunus padus,3,Boothby,,A
16/06/2023,Megan Sherlock,NE,113,4,Stellaria media,2,Boothby,,A
16/06/2023,Megan Sherlock,NE,113,4,Holcus lanatus,16,Boothby,,A
16/06/2023,Megan Sherlock,NE,113,4,Hordeum murinum,1,Boothby,,A
16/06/2023,Megan Sherlock,NE,113,4,Deschampsia flexuosa,9,Boothby,,A
16/06/2023,Megan Sherlock,NE,113,4,Epilobium angustifolium,6,Boothby,,A
16/06/2023,Megan Sherlock,NE,113,4,Bare ground,15,Boothby,,A
16/06/2023,Megan Sherlock,NE,131,1,Phleum pratense,17,Boothby,,A
16/06/2023,Megan Sherlock,NE,131,1,Cynosurus cristatus,7,Boothby,,A
16/06/2023,Megan Sherlock,NE,131,1,Bromus hordeaceus,7,Boothby,,A
16/06/2023,Megan Sherlock,NE,131,1,Crepis vesicaria,2,Boothby,,A
16/06/2023,Megan Sherlock,NE,131,1,Alopecurus pratensis,1,Boothby,,A
16/06/2023,Megan Sherlock,NE,131,1,Agrostis stolonifera,51,Boothby,,A
16/06/2023,Megan Sherlock,NE,131,1,Bare ground,15,Boothby,,A
16/06/2023,Rona Learmonth,NE,131,2,Bromus hordeaceus,5,Boothby,,A
16/06/2023,Rona Learmonth,NE,131,2,Phleum pratense,15,Boothby,,A
16/06/2023,Rona Learmonth,NE,131,2,Agrostis stolonifera,70,Boothby,,A
16/06/2023,Rona Learmonth,NE,131,2,Lolium multiflorum,2,Boothby,,A
16/06/2023,Rona Learmonth,NE,131,2,Crepis vesicaria,4,Boothby,,A
16/06/2023,Rona Learmonth,NE,131,2,Bare ground,5,Boothby,,A
16/06/2023,Megan Sherlock,NE,131,3,Phleum pratense,40,Boothby,,A
16/06/2023,Megan Sherlock,NE,131,3,Lolium multiflorum,10,Boothby,,A
16/06/2023,Megan Sherlock,NE,131,3,Festuca myuros,5,Boothby,,A
16/06/2023,Megan Sherlock,NE,131,3,Agrostis stolonifera,15,Boothby,,A
16/06/2023,Megan Sherlock,NE,131,3,Bare ground,30,Boothby,,A
16/06/2023,Megan Sherlock,NE,131,3,Plantago major,1,Boothby,,A
16/06/2023,Rona Learmonth,NE,131,4,Phleum pratense,15,Boothby,,A
16/06/2023,Rona Learmonth,NE,131,4,Lolium multiflorum,4,Boothby,,A
16/06/2023,Rona Learmonth,NE,131,4,Agrostis stolonifera,25,Boothby,,A
16/06/2023,Rona Learmonth,NE,131,4,Bare ground,55,Boothby,,A
16/06/2023,Rona Learmonth,NE,131,4,Plantago major,1,Boothby,,A
16/06/2023,Rona Learmonth,NE,133,1,Phleum pratense,12,Boothby,,A
16/06/2023,Rona Learmonth,NE,133,1,Pulicaria dysenterica,2,Boothby,,A
16/06/2023,Rona Learmonth,NE,133,1,Bare ground,86,Boothby,,A
16/06/2023,Megan Sherlock,NE,133,2,Epilobium angustifolium,2,Boothby,,A
16/06/2023,Megan Sherlock,NE,133,2,Pulicaria dysenterica,1,Boothby,,A
16/06/2023,Megan Sherlock,NE,133,2,Matricaria chamomilla,2,Boothby,,A
16/06/2023,Megan Sherlock,NE,133,2,Phleum pratense,12,Boothby,,A
16/06/2023,Megan Sherlock,NE,133,2,Bare ground,83,Boothby,,A
16/06/2023,Rona Learmonth,NE,133,3,Matricaria chamomilla,70,Boothby,,A
16/06/2023,Rona Learmonth,NE,133,3,Phleum pratense,6,Boothby,,A
16/06/2023,Rona Learmonth,NE,133,3,Bare ground,24,Boothby,,A
16/06/2023,Rona Learmonth,NE,133,3,Polygonum aviculare,0.5,Boothby,,A
16/06/2023,Megan Sherlock,NE,133,4,Matricaria chamomilla,20,Boothby,,A
16/06/2023,Megan Sherlock,NE,133,4,Phleum pratense,12,Boothby,,A
16/06/2023,Megan Sherlock,NE,133,4,Bare ground,68,Boothby,,A
16/06/2023,Megan Sherlock,NE,122,1,Brassica napus,100,Boothby,,A
16/06/2023,Megan Sherlock,NE,122,2,Brassica napus,100,Boothby,,A
16/06/2023,Megan Sherlock,NE,122,3,Brassica napus,100,Boothby,,A
16/06/2023,Megan Sherlock,NE,122,4,Brassica napus,100,Boothby,,A
16/06/2023,Rona Learmonth,NE,222,1,Brassica napus,100,Boothby,,A
16/06/2023,Rona Learmonth,NE,222,2,Brassica napus,100,Boothby,,A
16/06/2023,Rona Learmonth,NE,222,3,Brassica napus,100,Boothby,,A
16/06/2023,Rona Learmonth,NE,222,4,Brassica napus,100,Boothby,,A
16/06/2023,Megan Sherlock,NE,233,1,Brassica napus,100,Boothby,,A
16/06/2023,Megan Sherlock,NE,233,2,Brassica napus,100,Boothby,,A
16/06/2023,Megan Sherlock,NE,233,3,Brassica napus,100,Boothby,,A
16/06/2023,Megan Sherlock,NE,233,4,Brassica napus,100,Boothby,,A
16/06/2023,Rona Learmonth,NE,321,1,Rumex crispus,8,Boothby,,A
16/06/2023,Rona Learmonth,NE,321,1,Mercurialis perennis,1,Boothby,,A
16/06/2023,Rona Learmonth,NE,321,1,Bare ground,91,Boothby,,A
16/06/2023,Rona Learmonth,NE,321,2,Rumex crispus,5,Boothby,,A
16/06/2023,Rona Learmonth,NE,321,2,Fagus sylvatica,0.5,Boothby,,A
16/06/2023,Rona Learmonth,NE,321,2,Bare ground,95,Boothby,,A
16/06/2023,Rona Learmonth,NE,321,3,Fagus sylvatica,1,Boothby,,A
16/06/2023,Rona Learmonth,NE,321,3,Bare ground,99,Boothby,,A
16/06/2023,Rona Learmonth,NE,321,4,Rumex crispus,6,Boothby,,A
16/06/2023,Rona Learmonth,NE,321,4,Fagus sylvatica,1,Boothby,,A
16/06/2023,Rona Learmonth,NE,321,4,Bare ground,93,Boothby,,A
16/06/2023,Megan Sherlock,NE,322,1,Myosotis secunda,50,Boothby,,A
16/06/2023,Megan Sherlock,NE,322,1,Bromus hordeaceus,20,Boothby,,A
16/06/2023,Megan Sherlock,NE,322,1,Phleum pratense,5,Boothby,,A
16/06/2023,Megan Sherlock,NE,322,1,Bromus sterilis,12,Boothby,,A
16/06/2023,Megan Sherlock,NE,322,1,Galium aparine,3,Boothby,,A
16/06/2023,Megan Sherlock,NE,322,1,Bare ground,10,Boothby,,A
16/06/2023,Rona Learmonth,NE,322,2,Myosotis secunda,70,Boothby,,A
16/06/2023,Rona Learmonth,NE,322,2,Bromus hordeaceus,10,Boothby,,A
16/06/2023,Rona Learmonth,NE,322,2,Bromus sterilis,15,Boothby,,A
16/06/2023,Rona Learmonth,NE,322,2,Galium aparine,5,Boothby,,A
16/06/2023,Megan Sherlock,NE,322,3,Myosotis secunda,50,Boothby,,A
16/06/2023,Megan Sherlock,NE,322,3,Festuca gigantea,10,Boothby,,A
16/06/2023,Megan Sherlock,NE,322,3,Bromus hordeaceus,15,Boothby,,A
16/06/2023,Megan Sherlock,NE,322,3,Cirsium vulgare,10,Boothby,,A
16/06/2023,Megan Sherlock,NE,322,3,Hieracium sp.,4,Boothby,,A
16/06/2023,Megan Sherlock,NE,322,3,Bromus sterilis,11,Boothby,,A
16/06/2023,Rona Learmonth,NE,322,4,Myosotis secunda,55,Boothby,,A
16/06/2023,Rona Learmonth,NE,322,4,Bromus sterilis,25,Boothby,,A
16/06/2023,Rona Learmonth,NE,322,4,Galium aparine,4,Boothby,,A
16/06/2023,Rona Learmonth,NE,322,4,Bromus hordeaceus,10,Boothby,,A
16/06/2023,Rona Learmonth,NE,322,4,Hieracium sp.,4,Boothby,,A
16/06/2023,Rona Learmonth,NE,322,4,Festuca gigantea,2,Boothby,,A
16/06/2023,Rona Learmonth,NE,332,1,Deschampsia flexuosa,10,Boothby,,A
16/06/2023,Rona Learmonth,NE,332,1,Phleum pratense,20,Boothby,,A
16/06/2023,Rona Learmonth,NE,332,1,Viola arvensis,15,Boothby,,A
16/06/2023,Rona Learmonth,NE,332,1,Fraxinus excelsior,5,Boothby,,A
16/06/2023,Rona Learmonth,NE,332,1,Bare ground,50,Boothby,,A
16/06/2023,Megan Sherlock,NE,332,2,Fraxinus excelsior,5,Boothby,,A
16/06/2023,Megan Sherlock,NE,332,2,Phleum pratense,50,Boothby,,A
16/06/2023,Megan Sherlock,NE,332,2,Cirsium vulgare,1,Boothby,,A
16/06/2023,Megan Sherlock,NE,332,2,Deschampsia flexuosa,5,Boothby,,A
16/06/2023,Megan Sherlock,NE,332,2,Viola arvensis,7,Boothby,,A
16/06/2023,Megan Sherlock,NE,332,2,Bare ground,32,Boothby,,A
16/06/2023,Rona Learmonth,NE,332,3,Cirsium vulgare,7,Boothby,,A
16/06/2023,Rona Learmonth,NE,332,3,Sonchus asper,4,Boothby,,A
16/06/2023,Rona Learmonth,NE,332,3,Phleum pratense,30,Boothby,,A
16/06/2023,Rona Learmonth,NE,332,3,Fraxinus excelsior,5,Boothby,,A
16/06/2023,Rona Learmonth,NE,332,3,Viola arvensis,4,Boothby,,A
16/06/2023,Rona Learmonth,NE,332,3,Epilobium angustifolium,1,Boothby,,A
16/06/2023,Rona Learmonth,NE,332,3,Galium aparine,4,Boothby,,A
16/06/2023,Rona Learmonth,NE,332,3,Deschampsia flexuosa,3,Boothby,,A
16/06/2023,Rona Learmonth,NE,332,3,Bare ground,42,Boothby,,A
16/06/2023,Megan Sherlock,NE,332,4,Cirsium vulgare,25,Boothby,,A
16/06/2023,Megan Sherlock,NE,332,4,Phleum pratense,20,Boothby,,A
16/06/2023,Megan Sherlock,NE,332,4,Epilobium parviflorum,2,Boothby,,A
16/06/2023,Megan Sherlock,NE,332,4,Fraxinus excelsior,6,Boothby,,A
16/06/2023,Megan Sherlock,NE,332,4,Viola arvensis,10,Boothby,,A
16/06/2023,Megan Sherlock,NE,332,4,Deschampsia flexuosa,5,Boothby,,A
16/06/2023,Megan Sherlock,NE,332,4,Hordeum murinum,1,Boothby,,A
16/06/2023,Megan Sherlock,NE,332,4,Galium aparine,3,Boothby,,A
16/06/2023,Megan Sherlock,NE,332,4,Bare ground,28,Boothby,,A
16/06/2023,Megan Sherlock,NE,331,1,Sonchus asper,45,Boothby,,A
16/06/2023,Megan Sherlock,NE,331,1,Epilobium angustifolium,20,Boothby,,A
16/06/2023,Megan Sherlock,NE,331,1,Matricaria discoidea,15,Boothby,,A
16/06/2023,Megan Sherlock,NE,331,1,Bare ground,20,Boothby,,A
16/06/2023,Rona Learmonth,NE,331,2,Matricaria discoidea,50,Boothby,,A
16/06/2023,Rona Learmonth,NE,331,2,Epilobium angustifolium,25,Boothby,,A
16/06/2023,Rona Learmonth,NE,331,2,Bare ground,25,Boothby,,A
16/06/2023,Megan Sherlock,NE,331,3,Sonchus asper,90,Boothby,,A
16/06/2023,Megan Sherlock,NE,331,3,Matricaria discoidea,10,Boothby,,A
16/06/2023,Rona Learmonth,NE,331,4,Matricaria discoidea,60,Boothby,,A
16/06/2023,Rona Learmonth,NE,331,4,Pulicaria dysenterica,8,Boothby,,A
16/06/2023,Rona Learmonth,NE,331,4,Sonchus asper,15,Boothby,,A
16/06/2023,Rona Learmonth,NE,331,4,Bare ground,17,Boothby,,A
16/06/2023,Rona Learmonth,NE,333,1,Brassica napus,100,Boothby,,A
16/06/2023,Rona Learmonth,NE,333,2,Brassica napus,100,Boothby,,A
16/06/2023,Rona Learmonth,NE,333,3,Brassica napus,100,Boothby,,A
16/06/2023,Rona Learmonth,NE,333,4,Brassica napus,100,Boothby,,A
16/06/2023,Rona Learmonth,C,222,1,Prunus spinosa,15,Boothby,,A
16/06/2023,Rona Learmonth,C,222,1,Glechoma hederacea,5,Boothby,,A
16/06/2023,Rona Learmonth,C,222,1,Galium aparine,5,Boothby,,A
16/06/2023,Rona Learmonth,C,222,1,Rumex crispus,6,Boothby,,A
16/06/2023,Rona Learmonth,C,222,1,Rubus fruticosus,8,Boothby,,A
16/06/2023,Rona Learmonth,C,222,1,Poa nemoralis,3,Boothby,,A
16/06/2023,Rona Learmonth,C,222,1,Dactylis glomerata,4,Boothby,,A
16/06/2023,Rona Learmonth,C,222,1,Hedera helix,15,Boothby,,A
16/06/2023,Rona Learmonth,C,222,1,Brachypodium sylvaticum,20,Boothby,,A
16/06/2023,Rona Learmonth,C,222,1,Bare ground,24,Boothby,,A
16/06/2023,Megan Sherlock,C,222,2,Rubus fruticosus,40,Boothby,,A
16/06/2023,Megan Sherlock,C,222,2,Fraxinus excelsior,15,Boothby,,A
16/06/2023,Megan Sherlock,C,222,2,Anthriscus sylvestris,5,Boothby,,A
16/06/2023,Megan Sherlock,C,222,2,Brachypodium sylvaticum,15,Boothby,,A
16/06/2023,Megan Sherlock,C,222,2,Dactylis glomerata,5,Boothby,,A
16/06/2023,Megan Sherlock,C,222,2,Rumex crispus,3,Boothby,,A
16/06/2023,Megan Sherlock,C,222,2,Glechoma hederacea,2,Boothby,,A
16/06/2023,Megan Sherlock,C,222,2,Bare ground,5,Boothby,,A
16/06/2023,Rona Learmonth,C,222,3,Prunus spinosa,25,Boothby,,A
16/06/2023,Rona Learmonth,C,222,3,Taraxacum officinale,20,Boothby,,A
16/06/2023,Rona Learmonth,C,222,3,Rubus fruticosus,8,Boothby,,A
16/06/2023,Rona Learmonth,C,222,3,Mercurialis perennis,5,Boothby,,A
16/06/2023,Rona Learmonth,C,222,3,Fraxinus excelsior,8,Boothby,,A
16/06/2023,Rona Learmonth,C,222,3,Hedera helix,14,Boothby,,A
16/06/2023,Rona Learmonth,C,222,3,Glechoma hederacea,2,Boothby,,A
16/06/2023,Rona Learmonth,C,222,3,Geranium dissectum,3,Boothby,,A
16/06/2023,Rona Learmonth,C,222,3,Dactylis glomerata,2,Boothby,,A
16/06/2023,Rona Learmonth,C,222,3,Bare ground,10,Boothby,,A
16/06/2023,Rona Learmonth,C,222,3,Veronica chamaedrys,,Boothby,,A
16/06/2023,Megan Sherlock,C,222,4,Hedera helix,30,Boothby,,A
16/06/2023,Megan Sherlock,C,222,4,Prunus spinosa,10,Boothby,,A
16/06/2023,Megan Sherlock,C,222,4,Brachypodium sylvaticum,20,Boothby,,A
16/06/2023,Megan Sherlock,C,222,4,Rubus fruticosus,5,Boothby,,A
16/06/2023,Megan Sherlock,C,222,4,Anthriscus sylvestris,5,Boothby,,A
16/06/2023,Megan Sherlock,C,222,4,Veronica chamaedrys,2,Boothby,,A
16/06/2023,Megan Sherlock,C,222,4,Glechoma hederacea,3,Boothby,,A
16/06/2023,Megan Sherlock,C,222,4,Mercurialis perennis,5,Boothby,,A
16/06/2023,Megan Sherlock,C,222,4,Bare ground,20,Boothby,,A
16/06/2023,Megan Sherlock,C,221,1,Galium aparine,40,Boothby,,A
16/06/2023,Megan Sherlock,C,221,1,Rubus fruticosus,10,Boothby,,A
16/06/2023,Megan Sherlock,C,221,1,Brachypodium sylvaticum,5,Boothby,,A
16/06/2023,Megan Sherlock,C,221,1,Quercus robur,2,Boothby,,A
16/06/2023,Megan Sherlock,C,221,1,Agrostis stolonifera,15,Boothby,,A
16/06/2023,Megan Sherlock,C,221,1,Leaf litter,28,Boothby,,A
16/06/2023,Rona Learmonth,C,221,2,Galium aparine,25,Boothby,,A
16/06/2023,Rona Learmonth,C,221,2,Urtica dioica,4,Boothby,,A
16/06/2023,Rona Learmonth,C,221,2,Brachypodium sylvaticum,6,Boothby,,A
16/06/2023,Rona Learmonth,C,221,2,Agrostis stolonifera,10,Boothby,,A
16/06/2023,Rona Learmonth,C,221,2,Geranium columbinum,4,Boothby,,A
16/06/2023,Rona Learmonth,C,221,2,Quercus robur,2,Boothby,,A
16/06/2023,Rona Learmonth,C,221,2,Mercurialis perennis,5,Boothby,,A
16/06/2023,Rona Learmonth,C,221,2,Bare ground,44,Boothby,,A
16/06/2023,Megan Sherlock,C,221,3,Galium aparine,30,Boothby,,A
16/06/2023,Megan Sherlock,C,221,3,Mercurialis perennis,20,Boothby,,A
16/06/2023,Megan Sherlock,C,221,3,Lonicera periclymenum,10,Boothby,,A
16/06/2023,Megan Sherlock,C,221,3,Urtica dioica,2,Boothby,,A
16/06/2023,Rona Learmonth,C,221,4,Galium aparine,60,Boothby,,A
16/06/2023,Rona Learmonth,C,221,4,Urtica dioica,15,Boothby,,A
16/06/2023,Rona Learmonth,C,221,4,Hedera helix,5,Boothby,,A
16/06/2023,Rona Learmonth,C,221,4,Geranium columbinum,6,Boothby,,A
16/06/2023,Rona Learmonth,C,221,4,Lonicera periclymenum,10,Boothby,,A
16/06/2023,Rona Learmonth,C,221,4,Rubus fruticosus,3,Boothby,,A
16/06/2023,Rona Learmonth,C,211,1,Hordeum vulgare,100,Boothby,,A
16/06/2023,Rona Learmonth,C,211,2,Hordeum vulgare,100,Boothby,,A
16/06/2023,Rona Learmonth,C,211,3,Hordeum vulgare,100,Boothby,,A
16/06/2023,Rona Learmonth,C,211,4,Hordeum vulgare,100,Boothby,,A
16/06/2023,Megan Sherlock,C,212,1,Hordeum vulgare,100,Boothby,,A
16/06/2023,Megan Sherlock,C,212,2,Hordeum vulgare,100,Boothby,,A
16/06/2023,Megan Sherlock,C,212,3,Hordeum vulgare,100,Boothby,,A
16/06/2023,Megan Sherlock,C,212,4,Hordeum vulgare,100,Boothby,,A
16/06/2023,Rona Learmonth,C,122,1,Rubus fruticosus,20,Boothby,,A
16/06/2023,Rona Learmonth,C,122,1,Geranium robertianium,6,Boothby,,A
16/06/2023,Rona Learmonth,C,122,1,Poa nemoralis,10,Boothby,,A
16/06/2023,Rona Learmonth,C,122,1,Brachypodium sylvaticum,2,Boothby,,A
16/06/2023,Rona Learmonth,C,122,1,Elymus repens,5,Boothby,,A
16/06/2023,Rona Learmonth,C,122,1,Agrostis stolonifera,25,Boothby,,A
16/06/2023,Rona Learmonth,C,122,1,Leaf litter,32,Boothby,,A
16/06/2023,Rona Learmonth,C,122,1,Fraxinus excelsior,3,Boothby,,A
16/06/2023,Megan Sherlock,C,122,2,Geranium robertianium,20,Boothby,,A
16/06/2023,Megan Sherlock,C,122,2,Rumex crispus,15,Boothby,,A
16/06/2023,Megan Sherlock,C,122,2,Festuca myuros,2,Boothby,,A
16/06/2023,Megan Sherlock,C,122,2,Rubus fruticosus,5,Boothby,,A
16/06/2023,Megan Sherlock,C,122,2,Agrostis stolonifera,15,Boothby,,A
16/06/2023,Megan Sherlock,C,122,2,Elymus repens,1,Boothby,,A
16/06/2023,Megan Sherlock,C,122,2,Mercurialis perennis,2,Boothby,,A
16/06/2023,Megan Sherlock,C,122,2,Glechoma hederacea,3,Boothby,,A
16/06/2023,Megan Sherlock,C,122,2,Leaf litter,37,Boothby,,A
16/06/2023,Rona Learmonth,C,122,3,Potentilla sterilis,25,Boothby,,A
16/06/2023,Rona Learmonth,C,122,3,Geum urbanum,4,Boothby,,A
16/06/2023,Rona Learmonth,C,122,3,Poa nemoralis,8,Boothby,,A
16/06/2023,Rona Learmonth,C,122,3,Agrostis stolonifera,15,Boothby,,A
16/06/2023,Rona Learmonth,C,122,3,Angelica sylvestris,10,Boothby,,A
16/06/2023,Rona Learmonth,C,122,3,Leaf litter,38,Boothby,,A
16/06/2023,Megan Sherlock,C,122,4,Rumex crispus,15,Boothby,,A
16/06/2023,Megan Sherlock,C,122,4,Angelica sylvestris,5,Boothby,,A
16/06/2023,Megan Sherlock,C,122,4,Mercurialis perennis,2,Boothby,,A
16/06/2023,Megan Sherlock,C,122,4,Rubus fruticosus,2,Boothby,,A
16/06/2023,Megan Sherlock,C,122,4,Potentilla sterilis,5,Boothby,,A
16/06/2023,Megan Sherlock,C,122,4,Leaf litter,71,Boothby,,A
16/06/2023,Rona Learmonth,C,123,1,Rubus fruticosus,95,Boothby,,A
16/06/2023,Rona Learmonth,C,123,1,Brachypodium sylvaticum,3,Boothby,,A
16/06/2023,Rona Learmonth,C,123,1,Juncus effusus,2,Boothby,,A
16/06/2023,Megan Sherlock,C,123,2,Rubus fruticosus,90,Boothby,,A
16/06/2023,Megan Sherlock,C,123,2,Brachypodium sylvaticum,4,Boothby,,A
16/06/2023,Megan Sherlock,C,123,2,Juncus effusus,6,Boothby,,A
16/06/2023,Rona Learmonth,C,123,3,Rubus fruticosus,60,Boothby,,A
16/06/2023,Rona Learmonth,C,123,3,Potentilla sterilis,15,Boothby,,A
16/06/2023,Rona Learmonth,C,123,3,Brachypodium sylvaticum,5,Boothby,,A
16/06/2023,Rona Learmonth,C,123,3,Geranium robertianium,2,Boothby,,A
16/06/2023,Rona Learmonth,C,123,3,Leaf litter,18,Boothby,,A
16/06/2023,Megan Sherlock,C,123,4,Rubus fruticosus,98,Boothby,,A
16/06/2023,Megan Sherlock,C,123,4,Brachypodium sylvaticum,2,Boothby,,A
16/06/2023,Megan Sherlock,C,121,1,Dactylis glomerata,70,Boothby,,A
16/06/2023,Megan Sherlock,C,121,1,Bromus sterilis,5,Boothby,,A
16/06/2023,Megan Sherlock,C,121,1,Rumex crispus,4,Boothby,,A
16/06/2023,Megan Sherlock,C,121,1,Fraxinus excelsior,8,Boothby,,A
16/06/2023,Megan Sherlock,C,121,1,Potentilla sterilis,2,Boothby,,A
16/06/2023,Megan Sherlock,C,121,1,Glechoma hederacea,2,Boothby,,A
16/06/2023,Megan Sherlock,C,121,1,Anthriscus sylvestris,3,Boothby,,A
16/06/2023,Megan Sherlock,C,121,1,Leaf litter,6,Boothby,,A
16/06/2023,Rona Learmonth,C,121,2,Heracleum sphondylium,15,Boothby,,A
16/06/2023,Rona Learmonth,C,121,2,Dactylis glomerata,40,Boothby,,A
16/06/2023,Rona Learmonth,C,121,2,Potentilla sterilis,3,Boothby,,A
16/06/2023,Rona Learmonth,C,121,2,Fraxinus excelsior,10,Boothby,,A
16/06/2023,Rona Learmonth,C,121,2,Anthriscus sylvestris,6,Boothby,,A
16/06/2023,Rona Learmonth,C,121,2,Bromus sterilis,5,Boothby,,A
16/06/2023,Rona Learmonth,C,121,2,Galium aparine,1,Boothby,,A
16/06/2023,Rona Learmonth,C,121,2,Rumex crispus,1,Boothby,,A
16/06/2023,Rona Learmonth,C,121,2,Leaf litter,19,Boothby,,A
16/06/2023,Megan Sherlock,C,121,3,Anthriscus sylvestris,8,Boothby,,A
16/06/2023,Megan Sherlock,C,121,3,Glechoma hederacea,2,Boothby,,A
16/06/2023,Megan Sherlock,C,121,3,Fraxinus excelsior,15,Boothby,,A
16/06/2023,Megan Sherlock,C,121,3,Potentilla sterilis,3,Boothby,,A
16/06/2023,Megan Sherlock,C,121,3,Dactylis glomerata,25,Boothby,,A
16/06/2023,Megan Sherlock,C,121,3,Bromus sterilis,15,Boothby,,A
16/06/2023,Megan Sherlock,C,121,3,Leaf litter,32,Boothby,,A
16/06/2023,Rona Learmonth,C,121,4,Fraxinus excelsior,30,Boothby,,A
16/06/2023,Rona Learmonth,C,121,4,Anthriscus sylvestris,12,Boothby,,A
16/06/2023,Rona Learmonth,C,121,4,Bromus sterilis,10,Boothby,,A
16/06/2023,Rona Learmonth,C,121,4,Dactylis glomerata,20,Boothby,,A
16/06/2023,Rona Learmonth,C,121,4,Glechoma hederacea,5,Boothby,,A
16/06/2023,Rona Learmonth,C,121,4,Geranium robertianium,6,Boothby,,A
16/06/2023,Rona Learmonth,C,121,4,Leaf litter,17,Boothby,,A
17/06/2023,Megan Sherlock,NW,312,1,Vicia faba,90,Boothby,,A
17/06/2023,Megan Sherlock,NW,312,1,Bare ground,10,Boothby,,A
17/06/2023,Rona Learmonth,NW,312,2,Vicia faba,92,Boothby,,A
17/06/2023,Rona Learmonth,NW,312,2,Bare ground,8,Boothby,,A
17/06/2023,Megan Sherlock,NW,312,3,Mercurialis perennis,3,Boothby,,A
17/06/2023,Megan Sherlock,NW,312,3,Vicia faba,92,Boothby,,A
17/06/2023,Megan Sherlock,NW,312,3,Bare ground,5,Boothby,,A
17/06/2023,Rona Learmonth,NW,312,4,Epilobium ciliatum,1,Boothby,,A
17/06/2023,Rona Learmonth,NW,312,4,Vicia faba,93,Boothby,,A
17/06/2023,Rona Learmonth,NW,312,4,Bare ground,6,Boothby,,A
17/06/2023,Rona Learmonth,NW,332,1,Vicia faba,30,Boothby,,A
17/06/2023,Rona Learmonth,NW,332,1,Anthriscus sylvestris,4,Boothby,,A
17/06/2023,Rona Learmonth,NW,332,1,Capsella bursa-pastoris,2,Boothby,,A
17/06/2023,Rona Learmonth,NW,332,1,Matricaria discoidea,1,Boothby,,A
17/06/2023,Rona Learmonth,NW,332,1,Bare ground,63,Boothby,,A
17/06/2023,Megan Sherlock,NW,332,2,Vicia faba,15,Boothby,,A
17/06/2023,Megan Sherlock,NW,332,2,Anthriscus sylvestris,2,Boothby,,A
17/06/2023,Megan Sherlock,NW,332,2,Matricaria discoidea,1,Boothby,,A
17/06/2023,Megan Sherlock,NW,332,2,Bare ground,82,Boothby,,A
17/06/2023,Rona Learmonth,NW,332,3,Vicia faba,18,Boothby,,A
17/06/2023,Rona Learmonth,NW,332,3,Matricaria discoidea,2,Boothby,,A
17/06/2023,Rona Learmonth,NW,332,3,Bare ground,80,Boothby,,A
17/06/2023,Megan Sherlock,NW,332,4,Vicia faba,55,Boothby,,A
17/06/2023,Megan Sherlock,NW,332,4,Triticum aestivum,1,Boothby,,A
17/06/2023,Megan Sherlock,NW,332,4,Stellaria media,2,Boothby,,A
17/06/2023,Megan Sherlock,NW,332,4,Bare ground,42,Boothby,,A
17/06/2023,Megan Sherlock,C,313,1,Vicia faba,95,Boothby,,A
17/06/2023,Megan Sherlock,C,313,1,Matricaria chamomilla,4,Boothby,,A
17/06/2023,Megan Sherlock,C,313,1,Capsella bursa-pastoris,1,Boothby,,A
17/06/2023,Rona Learmonth,C,313,2,Vicia faba,100,Boothby,,A
17/06/2023,Megan Sherlock,C,313,3,Vicia faba,100,Boothby,,A
17/06/2023,Rona Learmonth,C,313,4,Vicia faba,100,Boothby,,A
17/06/2023,Rona Learmonth,C,331,1,Vicia faba,60,Boothby,,A
17/06/2023,Rona Learmonth,C,331,1,Anthriscus sylvestris,6,Boothby,,A
17/06/2023,Rona Learmonth,C,331,1,Matricaria chamomilla,2,Boothby,,A
17/06/2023,Rona Learmonth,C,331,1,Capsella bursa-pastoris,1,Boothby,,A
17/06/2023,Rona Learmonth,C,331,1,Matricaria discoidea,3,Boothby,,A
17/06/2023,Rona Learmonth,C,331,1,Bare ground,28,Boothby,,A
17/06/2023,Megan Sherlock,C,331,2,Vicia faba,70,Boothby,,A
17/06/2023,Megan Sherlock,C,331,2,Matricaria chamomilla,2,Boothby,,A
17/06/2023,Megan Sherlock,C,331,2,Anthriscus sylvestris,4,Boothby,,A
17/06/2023,Megan Sherlock,C,331,2,Capsella bursa-pastoris,3,Boothby,,A
17/06/2023,Megan Sherlock,C,331,2,Bare ground,21,Boothby,,A
17/06/2023,Rona Learmonth,C,331,3,Vicia faba,40,Boothby,,A
17/06/2023,Rona Learmonth,C,331,3,Capsella bursa-pastoris,0.2,Boothby,,A
17/06/2023,Rona Learmonth,C,331,3,Anthriscus sylvestris,7,Boothby,,A
17/06/2023,Rona Learmonth,C,331,3,Bare ground,53,Boothby,,A
17/06/2023,Megan Sherlock,C,331,4,Vicia faba,75,Boothby,,A
17/06/2023,Megan Sherlock,C,331,4,Capsella bursa-pastoris,10,Boothby,,A
17/06/2023,Megan Sherlock,C,331,4,Anthriscus sylvestris,2,Boothby,,A
17/06/2023,Megan Sherlock,C,331,4,Bare ground,13,Boothby,,A
17/06/2023,Megan Sherlock,C,332,1,Triticum aestivum,25,Boothby,,A
17/06/2023,Megan Sherlock,C,332,1,Epilobium angustifolium,4,Boothby,,A
17/06/2023,Megan Sherlock,C,332,1,Epilobium parviflorum,1,Boothby,,A
17/06/2023,Megan Sherlock,C,332,1,Matricaria chamomilla,1,Boothby,,A
17/06/2023,Megan Sherlock,C,332,1,Bare ground,74,Boothby,,A
17/06/2023,Rona Learmonth,C,332,2,Triticum aestivum,25,Boothby,,A
17/06/2023,Rona Learmonth,C,332,2,Epilobium angustifolium,6,Boothby,,A
17/06/2023,Rona Learmonth,C,332,2,Bare ground,68.5,Boothby,,A
17/06/2023,Rona Learmonth,C,332,2,Matricaria discoidea,0.5,Boothby,,A
17/06/2023,Megan Sherlock,C,332,3,Triticum aestivum,15,Boothby,,A
17/06/2023,Megan Sherlock,C,332,3,Epilobium angustifolium,2,Boothby,,A
17/06/2023,Megan Sherlock,C,332,3,Matricaria chamomilla,1,Boothby,,A
17/06/2023,Megan Sherlock,C,332,3,Anthriscus sylvestris,0.5,Boothby,,A
17/06/2023,Megan Sherlock,C,332,3,Bare ground,81.5,Boothby,,A
17/06/2023,Rona Learmonth,C,332,4,Triticum aestivum,30,Boothby,,A
17/06/2023,Rona Learmonth,C,332,4,Epilobium angustifolium,8,Boothby,,A
17/06/2023,Rona Learmonth,C,332,4,Matricaria discoidea,1,Boothby,,A
17/06/2023,Rona Learmonth,C,332,4,Bare ground,61,Boothby,,A
17/06/2023,Rona Learmonth,C,323,1,Triticum aestivum,15,Boothby,,A
17/06/2023,Rona Learmonth,C,323,1,Epilobium angustifolium,3,Boothby,,A
17/06/2023,Rona Learmonth,C,323,1,Sonchus asper,2,Boothby,,A
17/06/2023,Rona Learmonth,C,323,1,Matricaria discoidea,2,Boothby,,A
17/06/2023,Rona Learmonth,C,323,1,Bare ground,78,Boothby,,A
17/06/2023,Megan Sherlock,C,323,2,Triticum aestivum,15,Boothby,,A
17/06/2023,Megan Sherlock,C,323,2,Matricaria discoidea,2,Boothby,,A
17/06/2023,Megan Sherlock,C,323,2,Sonchus asper,5,Boothby,,A
17/06/2023,Megan Sherlock,C,323,2,Bare ground,78,Boothby,,A
17/06/2023,Rona Learmonth,C,323,3,Triticum aestivum,12,Boothby,,A
17/06/2023,Rona Learmonth,C,323,3,Pulicaria dysenterica,2,Boothby,,A
17/06/2023,Rona Learmonth,C,323,3,Epilobium angustifolium,4,Boothby,,A
17/06/2023,Rona Learmonth,C,323,3,Sonchus asper,1,Boothby,,A
17/06/2023,Rona Learmonth,C,323,3,Matricaria discoidea,1,Boothby,,A
17/06/2023,Rona Learmonth,C,323,3,Bare ground,80,Boothby,,A
17/06/2023,Megan Sherlock,C,323,4,Triticum aestivum,10,Boothby,,A
17/06/2023,Megan Sherlock,C,323,4,Matricaria discoidea,2,Boothby,,A
17/06/2023,Megan Sherlock,C,323,4,Epilobium angustifolium,2,Boothby,,A
17/06/2023,Megan Sherlock,C,323,4,Sonchus asper,0.5,Boothby,,A
17/06/2023,Megan Sherlock,C,323,4,Epilobium parviflorum,3,Boothby,,A
17/06/2023,Megan Sherlock,C,323,4,Bare ground,82.5,Boothby,,A
17/06/2023,Megan Sherlock,C,321,1,Triticum aestivum,10,Boothby,,A
17/06/2023,Megan Sherlock,C,321,1,Sonchus asper,7,Boothby,,A
17/06/2023,Megan Sherlock,C,321,1,Cirsium vulgare,5,Boothby,,A
17/06/2023,Megan Sherlock,C,321,1,Epilobium angustifolium,3,Boothby,,A
17/06/2023,Megan Sherlock,C,321,1,Matricaria discoidea,1,Boothby,,A
17/06/2023,Megan Sherlock,C,321,1,Bare ground,74,Boothby,,A
17/06/2023,Rona Learmonth,C,321,2,Sonchus asper,20,Boothby,,A
17/06/2023,Rona Learmonth,C,321,2,Epilobium angustifolium,6,Boothby,,A
17/06/2023,Rona Learmonth,C,321,2,Triticum aestivum,20,Boothby,,A
17/06/2023,Rona Learmonth,C,321,2,Bare ground,54,Boothby,,A
17/06/2023,Rona Learmonth,C,321,2,Matricaria discoidea,0.2,Boothby,,A
17/06/2023,Megan Sherlock,C,321,3,Triticum aestivum,15,Boothby,,A
17/06/2023,Megan Sherlock,C,321,3,Epilobium angustifolium,2,Boothby,,A
17/06/2023,Megan Sherlock,C,321,3,Pulicaria dysenterica,3,Boothby,,A
17/06/2023,Megan Sherlock,C,321,3,Matricaria discoidea,0.5,Boothby,,A
17/06/2023,Megan Sherlock,C,321,3,Sonchus asper,0.2,Boothby,,A
17/06/2023,Megan Sherlock,C,321,3,Bare ground,79.3,Boothby,,A
17/06/2023,Rona Learmonth,C,321,4,Triticum aestivum,25,Boothby,,A
17/06/2023,Rona Learmonth,C,321,4,Sonchus asper,8,Boothby,,A
17/06/2023,Rona Learmonth,C,321,4,Pulicaria dysenterica,2,Boothby,,A
17/06/2023,Rona Learmonth,C,321,4,Matricaria discoidea,0.5,Boothby,,A
17/06/2023,Rona Learmonth,C,321,4,Bare ground,65,Boothby,,A
17/06/2023,Rona Learmonth,S,123,1,Dactylis glomerata,10,Boothby,,A
17/06/2023,Rona Learmonth,S,123,1,Matricaria discoidea,30,Boothby,,A
17/06/2023,Rona Learmonth,S,123,1,Holcus lanatus,12,Boothby,,A
17/06/2023,Rona Learmonth,S,123,1,Bare ground,48,Boothby,,A
17/06/2023,Megan Sherlock,S,123,2,Dactylis glomerata,15,Boothby,,A
17/06/2023,Megan Sherlock,S,123,2,Pulicaria dysenterica,4,Boothby,,A
17/06/2023,Megan Sherlock,S,123,2,Matricaria discoidea,7,Boothby,,A
17/06/2023,Megan Sherlock,S,123,2,Brassica napus,3,Boothby,,A
17/06/2023,Megan Sherlock,S,123,2,Helminthotheca echioides,6,Boothby,,A
17/06/2023,Megan Sherlock,S,123,2,Bare ground,61,Boothby,,A
17/06/2023,Megan Sherlock,S,123,2,Deschampsia cespitosa,4,Boothby,,A
17/06/2023,Rona Learmonth,S,123,3,Sonchus asper,80,Boothby,,A
17/06/2023,Rona Learmonth,S,123,3,Brassica napus,4,Boothby,,A
17/06/2023,Rona Learmonth,S,123,3,Pulicaria dysenterica,2,Boothby,,A
17/06/2023,Rona Learmonth,S,123,3,Matricaria discoidea,4,Boothby,,A
17/06/2023,Rona Learmonth,S,123,3,Bare ground,10,Boothby,,A
17/06/2023,Megan Sherlock,S,123,4,Brassica napus,35,Boothby,,A
17/06/2023,Megan Sherlock,S,123,4,Matricaria discoidea,15,Boothby,,A
17/06/2023,Megan Sherlock,S,123,4,Dactylis glomerata,2,Boothby,,A
17/06/2023,Megan Sherlock,S,123,4,Pulicaria dysenterica,3,Boothby,,A
17/06/2023,Megan Sherlock,S,123,4,Deschampsia cespitosa,2,Boothby,,A
17/06/2023,Megan Sherlock,S,123,4,Bare ground,43,Boothby,,A
17/06/2023,Megan Sherlock,S,113,1,Atriplex patula,2,Boothby,,A
17/06/2023,Megan Sherlock,S,113,1,Matricaria chamomilla,6,Boothby,,A
17/06/2023,Megan Sherlock,S,113,1,Vicia faba,4,Boothby,,A
17/06/2023,Megan Sherlock,S,113,1,Bare ground,87,Boothby,,A
17/06/2023,Megan Sherlock,S,113,1,Triticum aestivum,1,Boothby,,A
17/06/2023,Rona Learmonth,S,113,2,Matricaria discoidea,2,Boothby,,A
17/06/2023,Rona Learmonth,S,113,2,Vicia faba,3,Boothby,,A
17/06/2023,Rona Learmonth,S,113,2,Bare ground,95,Boothby,,A
17/06/2023,Megan Sherlock,S,113,3,Vicia faba,10,Boothby,,A
17/06/2023,Megan Sherlock,S,113,3,Matricaria chamomilla,5,Boothby,,A
17/06/2023,Megan Sherlock,S,113,3,Matricaria discoidea,2,Boothby,,A
17/06/2023,Megan Sherlock,S,113,3,Pulicaria dysenterica,2,Boothby,,A
17/06/2023,Megan Sherlock,S,113,3,Bare ground,81,Boothby,,A
17/06/2023,Rona Learmonth,S,113,4,Vicia faba,30,Boothby,,A
17/06/2023,Rona Learmonth,S,113,4,Matricaria chamomilla,9,Boothby,,A
17/06/2023,Rona Learmonth,S,113,4,Bare ground,61,Boothby,,A
17/06/2023,Rona Learmonth,C,311,1,Triticum aestivum,100,Boothby,,A
17/06/2023,Megan Sherlock,C,311,2,Triticum aestivum,100,Boothby,,A
17/06/2023,Rona Learmonth,C,311,3,Triticum aestivum,98,Boothby,,A
17/06/2023,Rona Learmonth,C,311,3,Bromus hordeaceus,2,Boothby,,A
17/06/2023,Megan Sherlock,C,311,4,Triticum aestivum,100,Boothby,,A
17/06/2023,Megan Sherlock,NW,121,1,Triticum aestivum,100,Boothby,,B
17/06/2023,Rona Learmonth,NW,121,2,Triticum aestivum,100,Boothby,,B
17/06/2023,Megan Sherlock,NW,121,3,Triticum aestivum,100,Boothby,,B
17/06/2023,Rona Learmonth,NW,121,4,Triticum aestivum,100,Boothby,,B
17/06/2023,Megan Sherlock,NW,123,1,Triticum aestivum,100,Boothby,,B
17/06/2023,Rona Learmonth,NW,123,2,Triticum aestivum,100,Boothby,,B
17/06/2023,Megan Sherlock,NW,123,3,Triticum aestivum,100,Boothby,,B
17/06/2023,Rona Learmonth,NW,123,4,Triticum aestivum,100,Boothby,,B
17/06/2023,Megan Sherlock,NW,131,1,Triticum aestivum,100,Boothby,,B
17/06/2023,Rona Learmonth,NW,131,2,Triticum aestivum,100,Boothby,,B
17/06/2023,Megan Sherlock,NW,131,3,Triticum aestivum,100,Boothby,,B
17/06/2023,Rona Learmonth,NW,131,4,Triticum aestivum,100,Boothby,,B
17/06/2023,Megan Sherlock,NW,132,1,Triticum aestivum,100,Boothby,,B
17/06/2023,Rona Learmonth,NW,132,2,Triticum aestivum,100,Boothby,,B
17/06/2023,Megan Sherlock,NW,132,3,Triticum aestivum,100,Boothby,,B
17/06/2023,Rona Learmonth,NW,132,4,Triticum aestivum,100,Boothby,,B
17/06/2023,Megan Sherlock,NW,213,1,Triticum aestivum,100,Boothby,,B
17/06/2023,Rona Learmonth,NW,213,2,Triticum aestivum,100,Boothby,,B
17/06/2023,Megan Sherlock,NW,213,3,Triticum aestivum,100,Boothby,,B
17/06/2023,Rona Learmonth,NW,213,4,Triticum aestivum,100,Boothby,,B
17/06/2023,Megan Sherlock,NW,221,1,Triticum aestivum,100,Boothby,,B
17/06/2023,Rona Learmonth,NW,221,2,Triticum aestivum,100,Boothby,,B
17/06/2023,Megan Sherlock,NW,221,3,Triticum aestivum,100,Boothby,,B
17/06/2023,Rona Learmonth,NW,221,4,Triticum aestivum,100,Boothby,,B
17/06/2023,Megan Sherlock,NW,223,1,Triticum aestivum,100,Boothby,,B
17/06/2023,Rona Learmonth,NW,223,2,Triticum aestivum,100,Boothby,,B
17/06/2023,Megan Sherlock,NW,223,3,Triticum aestivum,100,Boothby,,B
17/06/2023,Rona Learmonth,NW,223,4,Triticum aestivum,100,Boothby,,B
17/06/2023,Megan Sherlock,NW,231,1,Triticum aestivum,100,Boothby,,B
17/06/2023,Rona Learmonth,NW,231,2,Triticum aestivum,100,Boothby,,B
17/06/2023,Megan Sherlock,NW,231,3,Triticum aestivum,100,Boothby,,B
17/06/2023,Rona Learmonth,NW,231,4,Triticum aestivum,100,Boothby,,B
17/06/2023,Megan Sherlock,NW,232,1,Triticum aestivum,100,Boothby,,B
17/06/2023,Rona Learmonth,NW,232,2,Triticum aestivum,100,Boothby,,B
17/06/2023,Megan Sherlock,NW,232,3,Triticum aestivum,100,Boothby,,B
17/06/2023,Rona Learmonth,NW,232,4,Triticum aestivum,100,Boothby,,B
17/06/2023,Megan Sherlock,C,131,1,Triticum aestivum,100,Boothby,,B
17/06/2023,Rona Learmonth,C,131,2,Triticum aestivum,100,Boothby,,B
17/06/2023,Megan Sherlock,C,131,3,Triticum aestivum,100,Boothby,,B
17/06/2023,Rona Learmonth,C,131,4,Triticum aestivum,100,Boothby,,B
17/06/2023,Megan Sherlock,C,132,1,Triticum aestivum,100,Boothby,,B
17/06/2023,Rona Learmonth,C,132,2,Triticum aestivum,100,Boothby,,B
17/06/2023,Megan Sherlock,C,132,3,Triticum aestivum,100,Boothby,,B
17/06/2023,Rona Learmonth,C,132,4,Triticum aestivum,100,Boothby,,B
17/06/2023,Megan Sherlock,C,231,1,Hordeum vulgare,100,Boothby,,B
17/06/2023,Rona Learmonth,C,231,2,Hordeum vulgare,100,Boothby,,B
17/06/2023,Megan Sherlock,C,231,3,Hordeum vulgare,100,Boothby,,B
17/06/2023,Rona Learmonth,C,231,4,Hordeum vulgare,100,Boothby,,B
17/06/2023,Megan Sherlock,S,112,1,Vicia faba,100,Boothby,,B
17/06/2023,Rona Learmonth,S,112,2,Vicia faba,100,Boothby,,B
17/06/2023,Megan Sherlock,S,112,3,Vicia faba,100,Boothby,,B
17/06/2023,Rona Learmonth,S,112,4,Vicia faba,100,Boothby,,B
17/06/2023,Megan Sherlock,S,121,1,Vicia faba,100,Boothby,,B
17/06/2023,Rona Learmonth,S,121,2,Vicia faba,100,Boothby,,B
17/06/2023,Megan Sherlock,S,121,3,Vicia faba,100,Boothby,,B
17/06/2023,Rona Learmonth,S,121,4,Vicia faba,100,Boothby,,B
17/06/2023,Megan Sherlock,S,212,1,Triticum aestivum,100,Boothby,,B
17/06/2023,Rona Learmonth,S,212,2,Triticum aestivum,100,Boothby,,B
17/06/2023,Megan Sherlock,S,212,3,Triticum aestivum,100,Boothby,,B
17/06/2023,Rona Learmonth,S,212,4,Triticum aestivum,100,Boothby,,B
17/06/2023,Megan Sherlock,S,221,1,Hordeum vulgare,100,Boothby,,B
17/06/2023,Rona Learmonth,S,221,2,Hordeum vulgare,100,Boothby,,B
17/06/2023,Megan Sherlock,S,221,3,Hordeum vulgare,100,Boothby,,B
17/06/2023,Rona Learmonth,S,221,4,Hordeum vulgare,100,Boothby,,B
17/06/2023,Megan Sherlock,S,223,1,Hordeum vulgare,100,Boothby,,B
17/06/2023,Rona Learmonth,S,223,2,Hordeum vulgare,100,Boothby,,B
17/06/2023,Megan Sherlock,S,223,3,Hordeum vulgare,100,Boothby,,B
17/06/2023,Rona Learmonth,S,223,4,Hordeum vulgare,100,Boothby,,B
17/06/2023,Megan Sherlock,S,231,1,Triticum aestivum,100,Boothby,,B
17/06/2023,Rona Learmonth,S,231,2,Triticum aestivum,100,Boothby,,B
17/06/2023,Megan Sherlock,S,231,3,Triticum aestivum,100,Boothby,,B
17/06/2023,Rona Learmonth,S,231,4,Triticum aestivum,100,Boothby,,B
17/06/2023,Megan Sherlock,S,232,1,Triticum aestivum,100,Boothby,,B
17/06/2023,Rona Learmonth,S,232,2,Triticum aestivum,100,Boothby,,B
17/06/2023,Megan Sherlock,S,232,3,Triticum aestivum,100,Boothby,,B
17/06/2023,Rona Learmonth,S,232,4,Triticum aestivum,100,Boothby,,B
17/06/2023,Megan Sherlock,NE,211,1,Brassica napus,100,Boothby,,B
17/06/2023,Rona Learmonth,NE,211,2,Brassica napus,100,Boothby,,B
17/06/2023,Megan Sherlock,NE,211,3,Brassica napus,100,Boothby,,B
17/06/2023,Rona Learmonth,NE,211,4,Brassica napus,100,Boothby,,B
17/06/2023,Megan Sherlock,NE,212,1,Brassica napus,100,Boothby,,B
17/06/2023,Rona Learmonth,NE,212,2,Brassica napus,100,Boothby,,B
17/06/2023,Megan Sherlock,NE,212,3,Brassica napus,100,Boothby,,B
17/06/2023,Rona Learmonth,NE,212,4,Brassica napus,100,Boothby,,B
17/06/2023,Megan Sherlock,NE,221,1,Brassica napus,100,Boothby,,B
17/06/2023,Rona Learmonth,NE,221,2,Brassica napus,100,Boothby,,B
17/06/2023,Megan Sherlock,NE,221,3,Brassica napus,100,Boothby,,B
17/06/2023,Rona Learmonth,NE,221,4,Brassica napus,100,Boothby,,B
17/06/2023,Megan Sherlock,NE,223,1,Brassica napus,100,Boothby,,B
17/06/2023,Rona Learmonth,NE,223,2,Brassica napus,100,Boothby,,B
17/06/2023,Megan Sherlock,NE,223,3,Brassica napus,100,Boothby,,B
17/06/2023,Rona Learmonth,NE,223,4,Brassica napus,100,Boothby,,B
17/06/2023,Megan Sherlock,NE,231,1,Brassica napus,100,Boothby,,B
17/06/2023,Rona Learmonth,NE,231,2,Brassica napus,100,Boothby,,B
17/06/2023,Megan Sherlock,NE,231,3,Brassica napus,100,Boothby,,B
17/06/2023,Rona Learmonth,NE,231,4,Brassica napus,100,Boothby,,B
17/06/2023,Megan Sherlock,NE,232,1,Brassica napus,100,Boothby,,B
17/06/2023,Rona Learmonth,NE,232,2,Brassica napus,100,Boothby,,B
17/06/2023,Megan Sherlock,NE,232,3,Brassica napus,100,Boothby,,B
17/06/2023,Rona Learmonth,NE,232,4,Brassica napus,100,Boothby,,B